,Datetime,Tags
0,2019년 12월 23일,"['#tattoo', '#타투', '#낙서타투', '#미니타투', '#일러스트타투', '#칼라타투', '#드로잉타투', '#성수역', '#성수', '#타투도안', '#미니멀타투', '#귀여운타투', '#캐릭터타투', '#크레용타투', '#크레용', '#크레파스', '#우정타투', '#커플타투', '#팔타투', '#팔뚝타투', '#스마일타투', '#스마일']"
1,2019년 12월 24일,"['#tattoo', '#newschooltattoo', '#oldschooltattoo', '#linetattoo', '#colortattoo', '#drawing', '#design', '#irezumi', '#orientaltattoo', '#타투', '#문신', '#문신도안', '#타투도안', '#라인타투', '#미니타투', '#올드스쿨타투', '#건대타투', '#서울타투', '#감성타투', '#성수', '#건대']"
2,2019년 12월 24일,"['#성수카페', '#서울숲카페', '#성수', '#서울숲', '#카페', '#카페그램', '#디저트', '#쑥라떼', '#임자있슈', '#흑임자티라미슈', '#앙트리', '#양갱', '#cafe', '#cafegram', '#dessert', '#묘사서울', '#pure']"
3,2019년 12월 23일,[]
4,2019년 12월 24일,"['#성수', '#서울숲스냅', '#마리에블룸', '#travel', '#travelgram', '#photo', '#iphone7plus', '#photography', '#selfies', '#selfie', '#selstagram', '#wandering']"
5,2019년 12월 24일,"['#성수', '#성수맛집', '#성수술집', '#바베양장']"
6,2019년 12월 16일,['#미쉐린가이드']
7,2019년 12월 24일,"['#성수', '#대림창고']"
8,2019년 12월 23일,"['#서울', '#성수', '#뚝섬', '#신도림', '#영등포', '#소주', '#주말', '#백두산', '#영화', '#데이트', '#커플', '#인스타그램', '#사진', '#좋아요']"
9,2019년 12월 23일,"['#맛점', '#식스타', '#식스타그램', '#음식', '#점심', '#저녘', '#피자', '#피맥', '#양쥬', '#양식', '#쿠킹스타그램', '#쿠킹', '#홈메이드', '#홈쿠킹', '#야식', '#분위기맛집', '#이태원', '#경리단길', '#강남', '#홍대', '#성수', '#교대', '#쿠킹클래스']"
10,2019년 12월 22일,"['#성수연방', '#아크앤북', '#일요일', '#행사', '#성수', '#성수동', '#성수핫플', '#성수동카페', '#성수역', '#성수카페', '#성수투어']"
11,2019년 12월 23일,"['#성수', '#뮤지엄오브컬러', '#colors', '#dreamers', '#핑크핑크']"
12,2019년 12월 23일,"['#비커즈', '#박성수', '#성수', '#홍대', '#버스킹', '#비커즈콘서트', '#191215']"
13,2019년 12월 23일,"['#ootd', '#daily', '#selfie', '#성수']"
14,2019년 12월 22일,"['#merrychristmas', '#오늘도온화하게']"
15,2019년 12월 24일,[]
16,2019년 12월 23일,"['#성수카페', '#서울숲카페', '#성수', '#서울숲', '#카페', '#카페그램', '#디저트', '#쑥라떼', '#임자있슈', '#흑임자티라미슈', '#앙트리', '#양갱', '#cafe', '#cafegram', '#dessert', '#묘사서울', '#pure']"
17,2019년 12월 22일,"['#서울', '#카페', '#cafe', '#카페스타그램', '#cafestagram', '#카페투어', '#크리스마스', '#크리스마스트리', '#성수', '#성수카페', '#어니언', '#어니언카페', '#onion', '#잘가', '#마산', '#아이들', '#내일은', '#월요일', '#출근']"
18,2019년 12월 23일,"['#예쁜여자', '#스테이크', '#긴머리', '#영화', '#일상룩', '#노가리', '#성수', '#구월동', '#성수대교', '#여행', '#한남동맛집', '#선릉역', '#여행중', '#출근', '#사진', '#주말일상']"
19,2019년 12월 22일,"['#성수', '#뮤지엄오브컬러', '#멍', '#colors', '#sfactory']"
20,2019년 12월 22일,[]
21,2019년 12월 22일,[]
22,2019년 12월 24일,"['#성수동카페', '#성수']"
23,2019년 12월 23일,"['#애드미네일', '#겨울', '#화려한네일', '#호피네일', '#겨울네일', '#시럽네일', '#깔끔한네일', '#체크네일', '#자개네일', '#시럽그라데이션', '#스와로브스키네일', '#프렌치네일', '#매트네일', '#건대', '#건대네일', '#건대네일샵', '#네일', '#젤네일', '#네일아트', '#젤네일아트', '#건대', '#구의네일', '#구의', '#성수', '#성수네일', '#패디젤', '#패디아트', '#젤패디', '#이달의아트']"
24,2019년 12월 24일,"['#성수', '#서울숲스냅', '#마리에블룸', '#travel', '#travelgram', '#photo', '#iphone7plus', '#photography', '#selfies', '#selfie', '#selstagram', '#wandering']"
25,2019년 12월 22일,"['#성수', '#성수동카페', '#할아버지공장']"
26,2019년 12월 22일,"['#성수', '#카페', '#대림창고', '#분위기좋네', '#이쁜카페', '#여친없으니깐', '#커피도맛있어']"
27,2019년 12월 22일,"['#성수', '#성수카페', '#크리스마스', '#분위기', '#향초']"
28,2019년 12월 23일,"['#성수', '#카페온화', '#성수', '#성수동카페', '#카페온화성수', '#수플레팬케이크', '#카페스타그램', '#카페탐방']"
29,2019년 11월 6일,[]
30,2019년 12월 23일,"['#님께서', '#성수', '#수제화브랜드', '#데일리', '#소통', '#Fashion', '#handmadeshoes', '#인스타그램', '#Instagram', '#옷스타그램', '#미니멀', '#ootd', '#오오티디', '#데일리신발', '#일상', '#sneakers', '#footsell', '#와이드데님', '#Selectshop', '#문스타', '#코스', '#커먼프로젝트', '#Lemaire', '#dailysheos', '#dailyfashion', '#성수동', '#플리징', '#수제화추천', '#첼시부츠']"
31,2019년 12월 23일,['#성수']
32,2019년 12월 23일,"['#chosunhwaro', '#맛집', '#먹스타그램', '#먹방', '#푸드스타그램', '#맛스타', '#맛집추천', '#맛집그램', '#먹스타그램', '#먹스타', '#데이트맛집', '#핫플', '#핫플카페', '#핫플레이스', '#맛집투어', '#팔로어', '#팔로잉', '#좋아요', '#foodstagram', '#이태원', '#해방촌', '#청담', '#압구정', '#강남', '#을지로', '#성수', '#한우암소', '#소갈비', '#한우갈비', '#소고기맛집', '#분당소고기']"
33,2019년 7월 27일,[]
34,2019년 12월 23일,"['#성수역', '#성수', '#성수까페', '#바이산']"
35,2019년 12월 23일,[]
36,2019년 12월 24일,"['#피아노연주회', '#스위트피아노수강생들', '#송년모임', '#스위트피아노', '#sweetpiano', '#sweet', '#건대', '#성수', '#뚝섬', '#piano', '#자양동', '#건대스위트피아노', '#건대성인피아노', '#건대직장인피아노', '#건대성인피아노학원', '#성인피아노학원', '#직장인피아노', '#취미피아노', '#성인음악학원', '#음악', '#music', '#맞팔', '#소통', '#일상', '#좋아요', '#pianoclassic', '#뚝섬성인피아노학원', '#취미', '#성수성인피아노학원', '#자양동피아노학원']"
37,2019년 12월 22일,"['#백예린', '#브리즈웨이', '#크리스마스', '#콘서트', '#예린', '#yerinbaek', '#성수', '#블루바이닐', '#bluevinyl', '#브리즈웨이크리스마스에디션', '#yerin', '#concert', '#christmas', '#breezeway', '#yerinbaek', '#sungsu', '#공연', '#performance', '#square', '#뮤지션', '#music', '#musician', '#라이카', '#leica', '#직찍', '#무보정']"
38,2019년 12월 22일,"['#폴더크루', '#폴더', '#뉴발란스', '#뉴발란스703', '#newbalance', '#newbalance703', '#폴더동성로', '#폴더동성로2호점', '#likeforlikes', '#likeforfollow', '#streetstyle', '#highsnobiety', '#fuckyourhype', '#ootd', '#hypebeast', '#like4likes', '#picture', '#dailylook', '#outfit', '#streetwearfashion', '#서면', '#홍대', '#합정', '#성수', '#데일리룩', '#데일리', '#폴더세일', '#슈퍼폴더', '#슈퍼세일']"
39,2019년 12월 22일,"['#대림창고', '#낙원스낵', '#성수', '#성수카페', '#건대', '#얼그레이케익', '#비엔나커피', '#바질페스토피자', '#마약옥수수', '#또먹고싶잖아', '#친구', '#일상']"
40,2019년 12월 22일,[]
41,2019년 12월 24일,"['#애쉬브라운', '#볼륨매직c컬', '#퍼스널컬러', '#건대', '#성수', '#서울숲', '#구의', '#구의미용실', '#건대미용실', '#허쉬컷', '#좋아요', '#레이어드컷', '#빌드펌', '#팔로우', '#선팔', '#단발펌', '#구의역', '#광진구', '#광진구미용실', '#아차산', '#허쉬컷', '#맞팔', '#수능이벤트', '#수능생', '#스타벅스', '#헬스', '#헤드스파']"
42,2019년 12월 23일,"['#때가이르매성수', '#때가이르매', '#뚝섬', '#뚝섬역', '#뚝섬카페', '#뚝섬역카페', '#뚝섬맛집', '#뚝섬역맛집', '#서울숲', '#서울숲카페', '#성수', '#성수역', '#성수카페', '#성수역카페', '#카페스타그램', '#카페추천', '#서울카페', '#건대', '#건대카페', '#건대입구역', '#건대입구역카페', '#카페대관', '#쇼핑몰대관', '#대관문의', '#cafe']"
43,2019년 12월 22일,"['#긴머리', '#레이어드컷', '#s컬펌', '#전체염색', '#뿌리염색', '#매트', '#DM환영', '#준오헤어나희', '#준오헤어', '#건대준오헤어1호점', '#헤어모델구함', '#염색', '#커트', '#펌', '#c컬펌', '#s컬펌', '#머리잘하는미용실', '#염색모델', '#커트모델', '#펌모델', '#뿌리펌', '#매트브라운염색', '#베이지브라운염색', '#다크브라운염색', '#성수역미용실', '#건대역미용실', '#건대', '#성수', '#뚝섬', '#한양대', '#왕십리']"
44,2019년 12월 23일,[]
45,2019년 12월 23일,"['#일상', '#일상스타그램', '#일상룩', '#인친', '#daily', '#ootd', '#instargram', '#셀스타', '#셀카', '#following', '#셀스타그램', '#데일리', '#맞팔해요', '#인친환영', '#선팔하면맞팔', '#팔로워', '#좋반', '#좋반테러', '#맞팔', '#likeforfollow', '#like4like', '#follow4follow', '#likesforlike', '#followback', '#홍대', '#합정', '#성수', '#전시회']"
46,2019년 12월 23일,"['#데일리', '#데이트', '#혼술', '#용싸롱', '#블루보틀', '#대림창고', '#성수연방', '#에스팩토리', '#성수', '#성수동', '#성수동핫플', '#성수동술집', '#성수역술집', '#건대술집', '#뚝섬역혼술', '#뚝섬역술집', '#서울숲술집', '#서울숲혼술', '#성수동혼술', '#성수역혼술', '#건대혼술', '#성수역맛집', '#성수동맛집', '#성수동이자카야', '#조용한', '#분위기', '#나만알고싶은곳', '#하이볼']"
47,2019년 12월 22일,"['#성수', '#드로잉카페', '#페인팅', '#취미생활', '#문화생활', '#힐링', '#일상', '#소통', '#셀카', '#seongsu', '#seongsucafe', '#drawing', '#daily', '#painting', '#hobby', '#healthylifestyle', '#selfie', '#fff', '#f4f', '#l4l']"
48,2019년 12월 22일,"['#보일러룸', '#boilerroom', '#boiler', '#보일러', '#성수에스팩토리', '#성수역', '#성수sfactory', '#성수s팩토리', '#성수', '#성수동']"
49,2019년 12월 23일,"['#성수동맛집', '#일상', '#소통', '#맞팔', '#얼스타그램', '#셀스타그램', '#친구', '#친스타그램', '#맛집', '#성수', '#성수다락', '#파스타', '#오므라이스', '#목살스테이크', '#트러플감자튀김', '#selfie', '#daily']"
50,2019년 12월 22일,"['#폴더크루', '#폴더', '#나이키', '#nike', '#airmax95', '#폴더동성로', '#폴더동성로2호점', '#likeforlikes', '#likeforfollow', '#streetstyle', '#highsnobiety', '#fuckyourhype', '#ootd', '#hypebeast', '#like4likes', '#picture', '#dailylook', '#outfit', '#streetwearfashion', '#서면', '#홍대', '#합정', '#성수', '#데일리룩', '#데일리', '#폴더세일', '#슈퍼폴더', '#슈퍼세일']"
51,2019년 12월 23일,[]
52,2019년 12월 23일,"['#건대데이트', '#건대', '#성수동맛집', '#성수', '#뚝섬', '#꼼보포차', '#데이트', '#소주', '#소맥', '#맥주', '#카페', '#카페오롯', '#해남식당', '#데일리', '#일상']"
53,2019년 12월 22일,"['#보일러룸', '#보일러룸서울', '#boilerroom', '#성수', '#성수동', '#에스팩토리', '#연말파티']"
54,2019년 12월 22일,"['#서울', '#성수', '#성수소문난감자탕', '#감자탕', '#맛집', '#계속', '#추가', '#먹방', '#광명', '#명장제과', '#빵', '#커피', '#맛나네', '#먹방', '#3인방', '#음식은', '#손맛', '#재밌당', '#내년에', '#또만나']"
55,2019년 12월 22일,[]
56,2019년 12월 24일,"['#크리스마스', '#미리크리스마스', '#감자모임', '#감자파티', '#해피감자스마스', '#성수', '#성수역', '#파티룸', '#이마트', '#배달', '#행복해']"
57,2019년 12월 22일,"['#사진전', '#전시회', '#성수', '#비컨', '#BEACON']"
58,2019년 12월 23일,"['#전시회', '#뮤지엄오브컬러', '#전시회추천', '#셀피', '#셀카', '#인물사진', '#일반인모델', '#museumofcolor', '#뮤지엄오브컬러전시회', '#사진', '#전시', '#사진스타그램', '#셀카스타그램', '#selfie', '#전시', '#성수', '#성수역전시', '#성수전시']"
59,2019년 12월 24일,"['#크리스마스엽서', '#심미안', '#성수동', '#vintage', '#빈티지샵', '#성수동심미안', '#핸드메이드샵', '#편집샵', '#스너퍼', '#양초', '#캔들', '#엔틱', '#엔틱소품', '#싱글라이프', '#성수', '#성수동편집샵', '#simmian']"
60,2019년 12월 22일,"['#뮤지엄오브컬러', '#뚝섬', '#성수', '#전시회', '#color', '#서울전시회', '#이색전시회', '#올해의컬러', '#일상', '#seoul', '#전시회추천', '#예술', '#그림', '#그림스타그램', '#성수동', '#에스팩토리', '#에스팩토리성수']"
61,2019년 12월 24일,"['#크리스마스', '#댓글반사', '#댓글소통', '#선팔', '#맞팔', '#반사', '#좋반', '#좋아요', '#선팔맞팔', '#인친', '#좋아요반사', '#소통', '#팔로우', '#한강', '#데일리', '#데일리룩', '#셀피', '#맛집', '#먹스타그램', '#헬스타그램', '#seoul', '#koreastyle', '#kpop', '#홍대', '#이태원', '#성수', '#바이크스타그램', '#라이더', '#반스']"
62,2019년 12월 22일,"['#성수동', '#성수', '#힌스', '#이터널', '#일상', '#소통', '#휴무', '#감동']"
63,2019년 12월 23일,"['#성수', '#뚝섬카페', '#카페차', '#ㅊa', '#달로나밀크티', '#밀크티', '#플레인스콘', '#맛있당', '#언니랑', '#미주랑']"
64,2019년 12월 24일,"['#추억', '#2016년', '#어느더운날', '#왕십리', '#역사공원', '#분수', '#아빠와함께', '#점심', '#타코벨', '#배가불러서그런가', '#엄청', '#신났넹', '#서울숲', '#뚝섬', '#성수', '#성수동', '#뚝섬역', '#쌍둥이', '#일상스타그램']"
65,2019년 12월 22일,"['#반지만들기', '#우정링', '#성수', '#다로베']"
66,2019년 12월 23일,[]
67,2019년 12월 23일,[]
68,2019년 12월 24일,"['#크리스마스풍선', '#크리스마스파티', '#벌룬프로젝트성동점', '#커스텀풍선', '#커스텀벌룬', '#파티풍선', '#파티용품', '#산타풍선', '#balloonproject', '#성수']"
69,2019년 12월 22일,"['#보일러룸', '#boilerroom', '#boiler', '#보일러', '#성수에스팩토리', '#성수역', '#성수sfactory', '#성수s팩토리', '#성수', '#성수동']"
70,2019년 12월 23일,"['#호피가방', '#호피숄더백', '#호피복조리', '#데일리백', '#가방스타그램', '#가방추천', '#daily', '#instadaily', '#instapic', '#맛저']"
71,2019년 12월 22일,['#루미스파']
72,2019년 12월 22일,"['#visitkorea', '#seongsudong', '#wallpainting', '#janeaustenquote', '#janeausten', '#bemyself', '#lovemyself', '#travelholic', '#ig', '#insta', '#성수', '#성수동']"
73,2019년 12월 23일,"['#Repost', '#색다른면', '#성수']"
74,2019년 12월 23일,"['#한양대pt', '#왕십리pt', '#트레이너', '#pt문의', '#pt', '#남자트레이너', '#여자트레이너', '#운동하는남자', '#운동하는여자', '#왕십리', '#한양대', '#힙업', '#운동', '#헬스', '#연예인pt', '#다이어트', '#바디프로필', '#인친', '#일상', '#얼스타그램', '#셀피', '#셀카', '#데일리', '#데일리룩', '#daily', '#성수', '#인친', '#맞팔', '#소통']"
75,2019년 12월 23일,"['#20191222', '#도치피자', '#도치피자', '#피자맛집', '#성수맛집', '#성수동', '#성수', '#피자맛집', '#파스타맛집', '#먹스타그램', '#존맛탱']"
76,2019년 12월 23일,"['#성수', '#성수대림창고', '#크리스마스', '#트리']"
77,2019년 12월 23일,[]
78,2019년 12월 22일,"['#성수연방', '#성수', '#대림창고', '#아크앤북', '#성수투어']"
79,2019년 12월 22일,"['#mirandahwang', '#미란다황', '#귀걸이', '#연말모임', '#파티', '#클럽', '#모임', '#약속', '#데이트', '#커플', '#저녁', '#일요일', '#홍대', '#이태원', '#성수', '#동성로', '#paris', '#party', '#인플루언서', '#소통']"
80,2019년 12월 23일,['#성수다락']
81,2019년 12월 23일,[]
82,2019년 12월 23일,[]
83,2019년 12월 22일,"['#서울전시', '#12월전시추천', '#성수동', '#건대입구', '#성수데이트', '#성수카페', '#서울크리스마스', '#크리스마스', '#서울맛집', '#연말데이트', '#서울연말데이트', '#서울데이트', '#사진찍기좋은곳', '#성수핫플', '#뚝섬', '#실내데이트', '#실내나들이', '#일상', '#성수맛집', '#서울숲', '#2020', '#성수', '#미술전시', '#전시회추천', '#서울핫플', '#서울데이트코스', '#스냅사진', '#사진']"
84,2019년 12월 24일,[]
85,2019년 12월 22일,"['#스모크피기', '#성수동', '#배달의민족', '#요기요테크아웃', '#크리스마스', '#훈제바베큐', '#크리스마스', '#뚝섬', '#서울숲', '#성수']"
86,2019년 12월 23일,"['#뚝섬', '#성수', '#건대입구', '#달고나밀크티', '#ㅊa', '#전참시', '#이영자맛집']"
87,2019년 12월 22일,"['#성수', '#성수카페', '#성수연방', '#실패', '#어디로가야하죠아저씨']"
88,2019년 12월 22일,"['#파랑새전시회', '#성수']"
89,2019년 12월 22일,"['#성수', '#성수맛집', '#레귤러', '#스테이크', '#파스타']"
90,2019년 12월 24일,"['#서울', '#광주', '#광진구', '#건대', '#군자', '#아차산', '#성수', '#화요일', '#일상', '#daily', '#회사', '#배고파요', '#꽃', '#꽃같은하루', '#되자', '#회사', '#근무중', '#얼른주말이왔으면', '#연말', '#나이먹기시러', '#맞팔', '#팔로우', '#좋아요반사', '#소통', '#인친']"
91,2019년 12월 22일,"['#스키선수', '#instagram', '#instadaily', '#instasize', '#daily', '#in', '#인스타그램', '#셀스타그램', '#일상스타그램', '#데일리', '#데일리룩', '#ootd', '#새벽', '#광주', '#좋아요', '#강남', '#신사', '#성수', '#가로수길', '#ootdshare', '#flowers', '#flower', '#꽃스타그램', '#화병꽂이', '#꽃꽂이', '#꽃', '#플라워']"
92,2019년 12월 22일,"['#하루앤원데이', '#카페', '#성수', '#커피', '#HaruAndOneDayCafe', '#서울', '#YOLO', '#LOVE', '#Life', '#StacyinKorea', '#ELF', '#MerryXmas', '#HOD', '#MyFavoriteCafeinSeoul', '#Seoul']"
93,2019년 12월 22일,"['#성수', '#르프리크', '#에롤파', '#왜불러']"
94,2019년 12월 24일,"['#하소동', '#마두동', '#성수', '#옥길', '#태안', '#만년동', '#신관동', '#합동', '#칠원', '#문현', '#학익동', '#논산시']"
95,2019년 12월 22일,"['#후식당', '#서울숲카페', '#뚝섬카페']"
96,2019년 12월 22일,"['#데일리', '#일상', '#연말', '#주말', '#성수']"
97,2019년 12월 23일,"['#393포토그라피', '#성수', '#성수역', '#성수사진관', '#성수스튜디오', '#스튜디오', '#취업사진', '#프로필사진']"
98,2019년 12월 23일,"['#서울', '#성수', '#뚝섬', '#건대', '#카페', '#Arco', '#인테리어', '#디자인', '#보이드', '#솔리드', '#모던']"
99,2019년 12월 24일,"['#크리스마스이브', '#출근', '#회사', '#직장인', '#회사원', '#셀카', '#성수', '#왕십리', '#selfie', '#trend', '#rain', '#design', '#데일리룩', '#dailylook', '#hair', '#daily', '#beauty', '#fashion', '#style', '#스타일', '#ootd', '#맞팔', '#데일리', '#일상', '#likeforfollow', '#좋아요']"
100,2019년 12월 23일,"['#육아', '#육아스타그램', '#육아맘', '#데일리', '#일상', '#소통', '#맘스타그램', '#서울숲', '#성수', '#성수카페', '#겨울', '#아들', '#아들스타그램', '#daily']"
101,2019년 12월 22일,['#뷰티크리에이터']
102,2019년 12월 22일,"['#selfie', '#직장인', '#직딩', '#주말', '#전신샷', '#거울샷', '#ootd', '#여자', '#me', '#좋아요', '#instagood', '#instalike', '#다이어트', '#셀카', '#셀스타그램', '#일상', '#in', '#성수', '#건대', '#이태원', '#삼성', '#follow', '#소통']"
103,2019년 12월 22일,"['#성수', '#카페', '#할아버지공장카페', '#럽스타그램', '#도수']"
104,2019년 12월 22일,['#NEWYORK']
105,2019년 12월 22일,"['#성수', '#밀리언아카이브', '#어글리스웨터', '#성수나들이', '#데일리그램', '#selfie', '#미리크리스마스', '#christmas']"
106,2019년 12월 23일,"['#성수', '#뮤지엄오브컬러', '#sfactory', '#colors', '#sundayfundays']"
107,2019년 12월 24일,"['#성수명당', '#성수', '#성수동맛집', '#성수명당', '#참치회김밥', '#방어', '#수육', '#삼합', '#한라토닉', '#맛스타그램', '#술스타그램', '#냠냠', '#daily']"
108,2019년 12월 22일,"['#햄버거', '#수제버거', '#서울숲', '#성수', '#제스티살룬', '#와사비쉬림프버거']"
109,2019년 12월 24일,"['#성수동카페', '#성수카페', '#성수', '#성수연방', '#daily', '#데일리', '#데일리그램', '#일상']"
110,2019년 12월 22일,[]
111,2019년 12월 22일,"['#강변포차', '#분식맛집', '#갓성비', '#7번포차가제일핫함']"
112,2019년 12월 24일,"['#빈티지', '#빈티지샵', '#프렌치시크', '#명품빈티지', '#명품구제', '#빈티지패션', '#빈티지드레스', '#빈티지쇼핑몰', '#일본빈티지', '#유럽빈티지', '#수입빈티지', '#vintage', '#vintageshop', '#vintagedress', '#빈티지원피스', '#liudress', '#dress', '#리우드레스', '#ootd', '#빈티지쇼핑몰', '#성수빈티지', '#성수동', '#성수', '#성수연방', '#건대빈티지', '#vintageboutique']"
113,2019년 12월 24일,['#성수베이킹스튜디오']
114,2019년 12월 23일,[]
115,2019년 12월 22일,"['#블루보틀', '#원두', '#드립', '#뚝섬역', '#성수', '#성수동', '#라떼', '#헤이즈밸리', '#카페', '#커피', '#bluebottle', '#어제', '#cafe', '#coffee', '#latte', '#놀라플로트', '#뉴올리언스', '#라이카', '#leica', '#무보정', '#dlux7', '#camera', '#photo', '#black', '#흑백', '#사진']"
116,2019년 12월 22일,"['#보일러룸', '#boilerroom', '#boiler', '#보일러', '#성수에스팩토리', '#성수역', '#성수sfactory', '#성수s팩토리', '#성수', '#성수동']"
117,2019년 12월 22일,"['#카페', '#데일리', '#daily', '#cafe', '#dailypic', '#ootd', '#공스타그램', '#강남카페', '#건대카페', '#이태원카페', '#이태원', '#일상', '#카페투어', '#카페그램', '#데일리그램', '#selfie', '#f4f', '#일상기록', '#럽스타그램', '#주말', '#데이트', '#연말데이트', '#hbd', '#레터링케이크', '#숫자초', '#이벤트', '#생일케이크', '#성수', '#성수카페']"
118,2019년 12월 23일,"['#성수', '#카페', '#바이산', '#커피', '#빵', '#좋아하는애', '#둘이서', '#쇼', '#안경']"
119,2019년 12월 24일,"['#성수카페', '#서울숲카페', '#성수', '#서울숲', '#카페', '#카페그램', '#디저트', '#쑥라떼', '#임자있슈', '#흑임자티라미슈', '#앙트리', '#양갱', '#cafe', '#cafegram', '#dessert', '#묘사서울', '#pure']"
120,2019년 12월 22일,"['#성수', '#잭슨카멜레온']"
121,2019년 12월 23일,[]
122,2019년 12월 24일,"['#성수', '#성수동카페', '#Instatravel', '#seoultrip', '#koreatravel', '#travelgram']"
123,2019년 12월 22일,"['#메가박스', '#성수', '#부띠끄101', '#백두산']"
124,2019년 12월 23일,"['#인덱스', '#카라멜', '#장미식탁', '#성수', '#소주인척하는사이다', '#일상']"
125,2019년 12월 22일,"['#갤러리아포레', '#서울숲', '#성수', '#프로맘킨더', '#멋진쌤', '#예쁜쌤', '#얼굴보는아들', '#30개월아기', '#오빠', '#이발했지요']"
126,2019년 12월 22일,"['#boilerroom', '#boilerroomseoul', '#sfactory', '#supreme', '#jeanpaulgaultier', '#보일러룸', '#보일러룸서울', '#보일러실', '#성수', '#에스팩토리', '#슈프림', '#장폴고티에']"
127,2019년 12월 22일,"['#191222', '#성수', '#성수카페', '#건대', '#커먼그라운드']"
128,2019년 12월 24일,"['#누이테이블', '#소고기뇨끼']"
129,2019년 12월 22일,"['#뚝섬역맛집', '#성수동맛집', '#성수역맛집', '#성수동카페', '#도렐', '#다로베', '#커피', '#구리', '#덕소', '#성수', '#뚝섬', '#먹스타그램', '#맛스타그램', '#먹방', '#셀스타그램', '#얼스타그램', '#셀카', '#셀피', '#데일리', '#daily', '#selfie', '#일상', '#f4f', '#맞팔', '#선팔', '#친스타그램', '#좋반', '#좋튀', '#소통', '#아이폰']"
130,2019년 12월 22일,"['#펌잘하는윤경디자이너', '#단발cs컬펌', '#미디움단발', '#단발펌', '#c컬펌', '#노원미용실', '#잠실미용실', '#왕십리미용실']"
131,2019년 12월 22일,"['#크리스마스', '#크리스마스트리', '#merrychristmas', '#커피', '#커피스타그램', '#카페', '#카페스타그램', '#카페투어', '#서울', '#성수', '#성수카페', '#대림창고', '#coffee', '#cafe', '#cafestagram']"
132,2019년 12월 23일,[]
133,2019년 12월 23일,"['#성수', '#카페포제', '#cafepoze', '#뷰티크리에이터', '#뷰티모델']"
134,2019년 12월 22일,"['#이우다이닝', '#연말', '#좋아요', '#성수', '#레스토랑', '#분위기갑', '#22', '#23', '#25']"
135,2019년 12월 22일,"['#블루보틀', '#성수', '#직장인', '#업무일지', '#일요나들이', '#비주얼워크']"
136,2019년 12월 22일,"['#공간성수', '#외출', '#아기', '#아기바보', '#3세', '#돌잔치', '#성수', '#나들이', '#모임', '#가족모임', '#딸바보', '#딸스타그램', '#애교쟁이', '#이뻐', '#세젤예', '#sel', '#selfie', '#insta', '#instagram', '#baby', '#babyphoto', '#baby', '#daily', '#instadaily', '#아기', '#아기스타그램', '#ootd', '#instagood', '#아기코디', '#아기ootd']"
137,2019년 12월 23일,"['#스코티쉬하이랜드', '#캣스타', '#캣', '#캣스타그램', '#캣스타그램', '#고양이', '#냥', '#냥이', '#애옹', '#고양이그램', '#집사', '#일상', '#집사의일상', '#instagood', '#instadaily', '#cat', '#cats', '#catstagram', '#catsofinstagram', '#합정', '#망원동', '#성수', '#연남동', '#카페']"
138,2019년 12월 23일,[]
139,2019년 12월 23일,"['#성수', '#성수동카페', '#무드랩', '#일상', '#데일리', '#주말', '#직장인스타그램', '#셀카', '#셀피', '#selfie', '#selca']"
140,2019년 12월 22일,"['#럽스타그램', '#건대', '#성수', '#파랑새전시회', '#사진작가는역시혜지', '#아이폰11프로']"
141,2019년 12월 23일,[]
142,2019년 12월 22일,[]
143,2019년 12월 24일,"['#selfie', '#직장인', '#월차', '#전신샷', '#거울샷', '#ootd', '#여자', '#me', '#좋아요', '#instagood', '#instalike', '#교복', '#셀카', '#셀스타그램', '#일상', '#in', '#성수', '#왕십리', '#건대', '#이태원', '#잠실', '#롯데월드', '#소통', '#오후', '#1시']"
144,2019년 12월 23일,"['#일상', '#먹스타그램', '#친스타그램', '#셀스타그램', '#좋아요', '#맛스타그램', '#맛점', '#성수', '#성수다락', '#소통', '#맞팔', '#팔로우', '#selfie', '#daily', '#fff', '#f4f', '#instagood', '#instadaily']"
145,2019년 12월 22일,[]
146,2019년 12월 23일,[]
147,2019년 12월 23일,"['#카페오롯', '#2020', '#캘린더']"
148,2019년 12월 23일,"['#Ground', '#BAECON', '#성수', '#RD', '#TAIWON', '#photography', '#photographer', '#사진전', '#일상', '#좋아요', '#daily', '#전시회', '#사진전', '#exhibition', '#핫플레이스', '#리스펙']"
149,2019년 12월 22일,"['#백예린', '#브리즈웨이', '#크리스마스', '#콘서트', '#예린', '#yerinbaek', '#성수', '#블루바이닐', '#bluevinyl', '#브리즈웨이크리스마스에디션', '#yerin', '#concert', '#christmas', '#breezeway', '#yerinbaek', '#sungsu', '#공연', '#performance', '#square', '#뮤지션', '#music', '#musician', '#라이카', '#leica', '#직찍', '#무보정']"
150,2019년 12월 22일,[]
151,2019년 12월 24일,"['#리버서블패딩', '#맞팔해요', '#셀카', '#맞팔', '#팔로우반사', '#선팔하면맞팔', '#패딩코디', '#성수', '#뚝섬', '#건대', '#서울숲', '#여성복추천', '#쇼핑몰추천', '#인스타쇼핑몰', '#데일리룩', '#데일리코디', '#패딩추천', '#모드', '#mode', '#꽈베기니트', '#베기팬츠', '#코듀로이팬트', '#골덴바지', '#덕다운', '#오리털패딩']"
152,2019년 12월 23일,"['#월요일', '#출근', '#회사', '#christmas', '#직장인', '#회사원', '#셀카', '#성수', '#왕십리', '#selfie', '#trend', '#rain', '#design', '#데일리룩', '#dailylook', '#hair', '#daily', '#beauty', '#fashion', '#style', '#스타일', '#ootd', '#맞팔', '#데일리', '#일상', '#likeforfollow', '#좋아요']"
153,2019년 12월 22일,"['#성수', '#단발', '#단발머리', '#루미스파', '#뷰티크리에이터']"
154,2019년 12월 23일,"['#성수', '#시티런', '#R93ners', '#R93', '#힙구삼', '#1993러닝크루', '#1993년생', '#93러너', '#93러닝크루', '#러닝크루', '#럽구삼', '#뭔데이러닝크루는', '#run', '#running', '#crewlove', '#wer93', '#runoutdashout', '#love93', '#mondayrunningcrew', '#93runners', '#93runner', '#런모닝', '#일요일아침', '#러닝일기']"
155,2019년 12월 23일,"['#킹덤즈', '#kingdoms', '#성수', '#박성수', '#Alek', '#알렉', '#오루트', '#oroute', '#비커즈', '#because', '#홍대버스킹', '#홍대', '#hongdae', '#hongdaestreet', '#버스킹', '#busking', '#tiktok', '#틱톡', '#kpop', '#koreamusic', '#koreadance', '#dancecover', '#dance']"
156,2019년 12월 22일,"['#성수', '#성수동카페', '#무드랩', '#분위기좋은카페', '#맛은별로', '#일상', '#데일리', '#주말순삭', '#데일리룩', '#오오티디', '#셀스타그램', '#셀카', '#ootd', '#selfie']"
157,2019년 12월 22일,[]
158,2019년 12월 22일,"['#성수족발', '#족발', '#성수', '#먹스타그램']"
159,2019년 12월 23일,[]
160,2019년 12월 23일,"['#크리스마스선물', '#크리스마스초콜릿', '#초콜릿장식', '#뚝섬역', '#성수', '#서울숲', '#초콜릿', '#chocolate', '#디저트', '#chocolat', '#dessert', '#답례품', '#pleinelune', '#쇼콜라티에', '#쁠렌느륀', '#chocolatier', '#수제초콜릿전문점', '#haccp', '#초콜릿카페', '#수제초콜릿', '#초콜릿클래스', '#원데이클래스', '#해썹', '#카페', '#초콜릿주문제작', '#초콜릿납품', '#초콜릿주문', '#주문제작']"
161,2019년 12월 22일,"['#데일리', '#성수', '#주말', '#성수카페']"
162,2019년 12월 17일,"['#00', '#20', '#대학생', '#항공과', '#항공관광과', '#선팔맞팔', '#선팔', '#맞팔', '#좋아요', '#좋아요반사', '#좋아요테러', '#좋반', '#전주', '#강남', '#홍대', '#성수', '#가로수길', '#페이스위너', '#오늘의훈녀', '#오늘의훈남', '#ootd', '#데일리룩', '#likeforlikes', '#following', '#followme', '#followforfollowback', '#likeforfollow']"
163,2019년 12월 23일,"['#크리스마스', '#선물', '#이브전날', '#눈사람케이크', '#크리스마스파티', '#성수', '#온량', '#연말', '#2019연말모임']"
164,2019년 12월 23일,"['#일상', '#친스타그램', '#셀스타그램', '#먹스타그램', '#카멜커피', '#먹스타그램', '#맛스타그램', '#좋아요', '#소통', '#맞팔', '#팔로우', '#selfie', '#daily', '#fff', '#f4f', '#성수', '#instagood']"
165,2019년 12월 23일,"['#성수동', '#성수', '#어메이징브루잉컴퍼니', '#뚝섬', '#뚝섬역', '#맥주', '#맥주스타그램', '#수제맥주', '#ootd', '#dailylook', '#daiy', '#일상', '#일상스타그램', '#데일리', '#데일리스타그램']"
166,2019년 12월 22일,"['#비커즈', '#성수', '#21', '#리치빈스', '#상도']"
167,2019년 12월 24일,[]
168,2019년 12월 23일,[]
169,2019년 12월 23일,"['#전시회', '#뮤지엄오브컬러', '#전시회추천', '#셀피', '#셀카', '#인물사진', '#일반인모델', '#museumofcolor', '#뮤지엄오브컬러전시회', '#사진', '#전시', '#사진스타그램', '#셀카스타그램', '#selfie', '#전시', '#성수', '#성수역전시', '#성수전시']"
170,2019년 12월 23일,"['#월요일', '#출근', '#회사', '#직장인', '#회사원', '#셀카', '#성수', '#왕십리', '#selfie', '#trend', '#rain', '#design', '#데일리룩', '#dailylook', '#hair', '#daily', '#beauty', '#fashion', '#style', '#스타일', '#ootd', '#맞팔', '#데일리', '#일상', '#likeforfollow', '#좋아요']"
171,2019년 12월 22일,"['#서울', '#건대', '#성수', '#강아지', '#댕댕이', '#멈머', '#멍스타그램', '#개스타그램', '#팔베개', '#굿밤', '#굿나잇']"
172,2019년 12월 24일,"['#송리단길', '#망원', '#성수', '#강릉', '#강릉여행', '#강릉카페', '#카페', '#카페투어', '#카페탐방', '#라윤담', '#에이드', '#에이드맛집', '#여행', '#여행스타그램', '#국내여행', '#일상', '#데일리', '#daily', '#좋아요', '#피드']"
173,2019년 12월 23일,"['#옷스타그램', '#옷스타그램일상', '#코디스타그램', '#롱원피스', '#롱원피스코디', '#니트원피스', '#셔츠원피스', '#퍼프원피스', '#원피스추천', '#하객룩', '#하객룩코디', '#깔끔한원피스', '#여성의류쇼핑몰', '#쇼핑몰추천', '#강남', '#성수', '#신사', '#동대문', '#맞팔', '#선팔', '#좋아요', '#일상', '#소통']"
174,2019년 12월 22일,"['#마달리스튜디오', '#증명사진', '#건대', '#성수', '#셀피', '#셀카', '#일상', '#데일리', '#팔로우', '#daily', '#selfie', '#follow', '#selca', '#ootd', '#f4f']"
175,2019년 12월 23일,"['#심미안', '#성수동', '#vintage', '#빈티지샵', '#성수동심미안', '#핸드메이드샵', '#편집샵', '#스너퍼', '#양초', '#캔들', '#엔틱', '#엔틱소품', '#싱글라이프', '#성수', '#성수동편집샵', '#simmian']"
176,2019년 12월 23일,[]
177,2019년 12월 13일,[]
178,2019년 12월 23일,"['#instagood', '#instaselfie', '#instadaily', '#daily', '#selfie', '#selca', '#셀카', '#셀스타그램', '#좋반', '#좋아요반사', '#dailylook', '#ootd', '#일상', '#맞팔', '#선팔', '#홍대', '#소통', '#팔로우', '#follow', '#dailyloo', '#인천', '#강남', '#부평', '#구월동', '#주안', '#성수', '#성수동', '#성수연방']"
179,2019년 12월 23일,"['#일일드로잉프로젝트', '#강아지', '#동물', '#Draw', '#Drawing', '#drawing', '#Sketch', '#sketch', '#Sketchbook', '#doodle', '#art', '#artist', '#artwork', '#prisma', '#prismacolor', '#낙서', '#일상스타그램', '#그림', '#프리즈마', '#데일리', '#daily', '#소통', '#성수', '#일상', '#드로잉', '#색연필', '#일기', '#기록', '#노견', '#도니왕자님']"
180,2019년 12월 22일,[]
181,2019년 12월 23일,[]
182,2019년 12월 24일,"['#데일리식사', '#연남동', '#바다회사랑', '#방어', '#연어', '#는사랑', '#매운탕까지', '#마무리', '#성수', '#호호식당', '#사케동', '#고기', '#ㅊa', '#달고나밀크티', '#달고나스콘']"
183,2019년 12월 23일,"['#하체운동', '#다리운동', '#leg', '#legday', '#legworkout']"
184,2019년 12월 23일,['#191223']
185,2019년 12월 22일,"['#망년회', '#부산', '#서면', '#성수', '#전포', '#술집']"
186,2019년 12월 23일,"['#셀카', '#성수', '#서울숲', '#맛집', '#음식스타그램', '#22살', '#셀피', '#일상', '#오오티디', '#소통', '#좋아요', '#팔로우', '#instagram', '#instagood', '#instalike', '#instadaily', '#selfie', '#ootd', '#follow', '#대학생', '#단발']"
187,2019년 12월 23일,"['#빵스타그램', '#성수', '#성수카페', '#어니언', '#어니언성수', '#onion', '#카페투어', '#카페스타그램', '#카페', '#cafe', '#cafestagram', '#일상', '#사진', '#사진스타그램', '#일상그램', '#일상사진', '#사진정리', '#기록', '#사진정리', '#데일리', '#daily']"
188,2019년 12월 24일,"['#시네마비', '#영화모임', '#영화추천', '#영화관', '#영화명대사', '#성수동', '#소모임', '#성수', '#영화스타그램', '#영화']"
189,2019년 12월 24일,"['#appleiphonexs', '#어린이대공원', '#어린이대공원출사', '#성수', '#성수동', '#성수동카페', '#카페', '#카페출사', '#출사', '#자연', '#식물', '#인물', '#스냅', '#감성', '#디카', '#폰카', '#카메라', '#아이폰', '#풍경', '#갬성', '#가을', '#사진', '#사진그램', '#snap', '#snapshot', '#photography']"
190,2019년 12월 23일,"['#먹스타그램', '#성수', '#까페차', '#유카츠', '#달고나밀크티', '#로스가츠']"
191,2019년 12월 23일,"['#한국', '#서울', '#카페스타그램', '#케잌', '#딸기', '#성수', '#성수동카페', '#cafe', '#cake', '#korea', '#seoul', '#펫', '#멍멍이', '#dog', '#dogsofinstagram']"
192,2019년 12월 23일,"['#연남', '#연희', '#서촌', '#북촌', '#삼청', '#경리단길', '#가로수길', '#도산', '#압구정', '#청담', '#성수', '#서면', '#해운대', '#달맞이길', '#연말외식', '#연말카페', '#M포인트', '#현대카드혜택', '#현카혜택', '#현대카드리브', '#Hyundaicardlive', '#현대카드', '#HyundaiCard']"
193,2019년 12월 22일,"['#성수', '#서울숲', '#뚝섬', '#호호식당', '#사케동', '#스끼야키정식', '#대성참숯갈비', '#호호식당', '#사케동', '#스키야키정식', '#연어', '#계란']"
194,2019년 12월 22일,"['#폴더크루', '#폴더', '#뉴발란스', '#뉴발란스703', '#newbalance', '#newbalance703', '#폴더동성로', '#폴더동성로2호점', '#likeforlikes', '#likeforfollow', '#streetstyle', '#highsnobiety', '#fuckyourhype', '#ootd', '#hypebeast', '#like4likes', '#picture', '#dailylook', '#outfit', '#streetwearfashion', '#서면', '#홍대', '#합정', '#성수', '#데일리룩', '#데일리', '#폴더세일', '#슈퍼폴더', '#슈퍼세일']"
195,2019년 12월 22일,"['#bluebottlecoffee', '#한국', '#한국여행', '#블루보틀커피', '#성수', '#뚝섬', '#머그컵']"
196,2019년 12월 23일,"['#성수', '#서울숲', '#영화', '#심야영화', '#포드v페라리']"
197,2019년 12월 22일,[]
198,2019년 12월 23일,"['#성수', '#뚝섬', '#카레', '#커리', '#카린지', '#cutlet', '#tomato', '#curry', '#foodie', '#daily', '#fff']"
199,2019년 12월 24일,"['#성수', '#순심이네생삼겹']"
200,2019년 12월 23일,[]
201,2019년 12월 24일,[]
202,2019년 12월 23일,"['#제작귀걸이', '#합리적가격', '#미란다황', '#style', '#직장인', '#주부', '#가로수길', '#대학생', '#홍대', '#성수', '#건대', '#동성로', '#상무지구', '#제주', '#출근룩', '#오피스룩', '#fashion', '#paris', '#moody', '#trip']"
203,2019년 12월 22일,"['#송년회', '#파티룸', '#성수', '#연말파티', '#송년회', '#송년회파티', '#동기사랑나라사랑']"
204,2019년 12월 23일,"['#누메로도스', '#성수', '#뚝섬', '#맛집', '#서울', '#손님최고']"
205,2019년 12월 22일,"['#성수', '#아모레성수', '#카페봇', '#로봇카페', '#cafebot', '#모히토', '#핑크라군', '#드립커피', '#드립로봇']"
206,2019년 12월 22일,"['#성수카페', '#성수', '#멜로워', '#mellowercoffee', '#뷰티크리에이터', '#뷰티모델']"
207,2019년 12월 23일,"['#시네마비', '#영화모임', '#영화추천', '#영화관', '#영화명대사', '#성수동', '#소모임', '#성수', '#영화스타그램', '#영화']"
208,2019년 12월 24일,"['#성수동', '#블루버틀', '#소문난감자탕', '#소문난성수감자탕', '#성수', '#신당동떡볶이', '#아이러브신당동', '#네네치킨', '#미쓰족발', '#족발', '#감자탕', '#치킨', '#간장게장', '#이하이간장게장', '#마카롱', '#서울맛집', '#서울', '#한국', '#먹스타그램', '#bluebottlecoffee']"
209,2019년 12월 23일,"['#비발디파크', '#홍천', '#스키', '#follow', '#fff', '#ff', '#f4f', '#오오티디', '#ootd', '#selfie', '#맞팔', '#선팔', '#좋아요', '#일상', '#도산공원', '#맛집', '#강남', '#홍대', '#이태원', '#연남', '#성수', '#리뷰', '#좋반', '#foodstagram', '#갬성', '#artist', '#감성스타그램']"
210,2019년 12월 22일,"['#데일리', '#데일리룩', '#성수', '#5to7', '#서울숲카페', '#selfie', '#ootd', '#좋아요', '#맞팔']"
211,2019년 12월 23일,[]
212,2019년 11월 17일,[]
213,2019년 12월 22일,"['#폴더크루', '#폴더', '#뉴발란스', '#뉴발란스703', '#newbalance', '#newbalance703', '#폴더동성로', '#폴더동성로2호점', '#likeforlikes', '#likeforfollow', '#streetstyle', '#highsnobiety', '#fuckyourhype', '#ootd', '#hypebeast', '#like4likes', '#picture', '#dailylook', '#outfit', '#streetwearfashion', '#서면', '#홍대', '#합정', '#성수', '#데일리룩', '#데일리', '#폴더세일', '#슈퍼폴더', '#슈퍼세일']"
214,2019년 12월 24일,[]
215,2019년 12월 24일,[]
216,2019년 12월 23일,"['#다이아밍드', '#일상', '#데일리', '#오오티디', '#핫아이템', '#주문폭주', '#휴식', '#여름', '#방콕', '#행복', '#가방', '#신상', '#자라', '#가방맛집', '#빵맛집', '#여행', '#브런치', '#커플템', '#선물', '#생일선물', '#생선', '#주말', '#토요일', '#성수', '#연남동카페', '#석촌호수카페', '#송리단길', '#로맨틱크라운', '#마크곤잘레스']"
217,2019년 12월 24일,[]
218,2019년 12월 23일,[]
219,2019년 12월 23일,[]
220,2019년 12월 23일,"['#데일리룩', '#전시회', '#성수', '#성수핫플', '#뮤지엄오브컬러', '#데일리', '#셀피', '#단발', '#좋아요', '#맞팔', '#팔로미', '#팔로우', '#연말']"
221,2019년 12월 24일,"['#메리크리스마스', '#천상가옥', '#천상가옥', '#성수', '#성수동카페', '#성수연방', '#카페스타그램', '#cafe', '#메리크리스마스', '#라떼', '#daily']"
222,2019년 12월 23일,"['#성수', '#옵션', '#옵션2', '#볶음밥돈까스', '#성수맛집', '#묵스타그램']"
223,2019년 12월 24일,"['#탕수육은거들뿐', '#일일향성수점', '#짜장면', '#탕수육', '#성수', '#직장인', '#점심시간', '#성수맛집', '#성수런치', '#맛스타', '#먹스타', '#맛스타그램', '#먹스타그램', '#선팔하면맞팔', '#선팔맞팔', '#맞팔', '#선팔', '#lunch', '#seongsu']"
224,2019년 12월 24일,[]
225,2019년 12월 23일,"['#성수', '#어메이징브루잉컴퍼니', '#성수동맛집', '#성수맛집', '#성수동술집', '#성수동핫플레이스', '#성수역맛집', '#성수역카페', '#성수동핫플', '#성수동카페', '#뚝섬역맛집', '#뚝섬역술집', '#뚝섬역', '#성수역', '#건대맛집', '#건대입구맛집', '#세종대맛집', '#아차산맛집', '#군자맛집', '#건대데이트', '#뚝섬맛집', '#왕십리맛집', '#한양대맛집', '#한양대술집', '#서울맛집', '#건대술집', '#서울숲맛집', '#서울숲', '#좋반', '#좋아요반사']"
226,2019년 12월 22일,"['#성수', '#성수동카페', '#카페투어', '#주말', '#크리스마스', '#조명']"
227,2019년 12월 22일,"['#성수역', '#성수', '#서울숲', '#성수에스팩토리', '#s팩토리', '#뮤지엄오브컬러', '#뮤지엄오브컬러2']"
228,2019년 12월 23일,"['#잠실무지개원룸텔', '#홍대', '#이태원', '#명동', '#노량진', '#강남', '#삼성동', '#종로', '#합정', '#신촌', '#건대', '#왕십리', '#압구정', '#사당', '#서울대입구', '#구로디지털', '#천호', '#강동', '#논현', '#신림', '#성수', '#혜화', '#마포', '#여의도', '#성남', '#하남', '#석촌', '#군자역맛집']"
229,2019년 12월 24일,"['#출근', '#한시간', '#일찍', '#옴', '#스타벅스', '#카페', '#대기', '#셀피', '#좋아요', '#팔로우', '#데일리', '#데일리룩', '#데일리코디', '#코디스타그램', '#일상', '#서울', '#뚝섬', '#성수', '#daily', '#selfie', '#like', '#followme', '#ootd', '#wiwt']"
230,2019년 12월 23일,"['#연말파티', '#연말스타그램', '#송년회', '#파티', '#내사랑들', '#좋은날', '#럽스타그램', '#셀스타그램', '#selfie', '#selca', '#instadaily', '#성수', '#타이거풀', '#쓸모없는선물교환식', '#글자공부', '#선물스타그램', '#술스타그램', '#소통', '#좋아요']"
231,2019년 12월 22일,"['#성수', '#카린지']"
232,2019년 12월 23일,"['#띵굴마켓', '#성수', '#성수연방', '#왕십리', '#건대입구', '#홍대', '#강남', '#삼성', '#상수', '#오오티디', '#데일리', '#인스타그램', '#ootd', '#daily', '#ddinggulmarket', '#instagram', '#f4f']"
233,2019년 12월 24일,"['#성수', '#JUSTTRY', '#성수동']"
234,2019년 12월 23일,"['#플리마켓', '#기억리을제작소', '#핸드메이드귀걸이', '#프리마켓', '#셀러모집', '#크리스마스', '#홍대', '#성수', '#합정', '#귀걸이맛집', '#럽스타그램', '#크리스마스이브', '#연말', '#우리는남들놀때장사합니다', '#장사겸고생겸데이트하기']"
235,2019년 12월 24일,[]
236,2019년 12월 24일,"['#성수', '#뚝섬', '#뚝떡', '#성수', '#핫플', '#뚝떡', '#성수동뚝떡', '#뚝썸맛집', '#서울숲맛집', '#뚝섬역', '#서울숲', '#서울숲존맛', '#먹계정', '#서울숲역', '#성수동', '#서울숲떡볶이', '#서울숲떡볶이맛집', '#떡볶이맛집', '#존맛탱', '#먹계정', '#먹스타그램', '#맛스타그램', '#먹계정맞팔', '#먹계정소통', '#단쓰돼지', '#단쓰돼지서울숲에']"
237,2019년 12월 23일,"['#성수', '#뮤지엄오브컬러', '#전시회']"
238,2019년 12월 24일,"['#렌트카', '#수입차렌트', '#보험수리', '#사고대차', '#1급공업사', '#수입차전문', '#벤츠', '#BMW', '#볼보', '#재규어', '#포르쉐', '#레인지로버', '#랜드로버', '#폭스바겐', '#전차종보유', '#서울', '#경기', '#전지역', '#강남', '#역삼동', '#압구정동', '#신사동', '#서초동', '#성수', '#성수동']"
239,2019년 12월 23일,"['#룸메에서', '#소울메이트로', '#성수', '#송년회']"
240,2019년 12월 22일,[]
241,2019년 12월 24일,"['#생후487일', '#크리스마스이브', '#ㅊa', '#육아', '#일상', '#육아일상', '#15개월아기', '#8월생아기', '#황금개띠', '#황금개띠아기', '#성수', '#성수동카페', '#ㅊa', '#달고나밀크티', '#달고나아쌈밀크티', '#달고나스콘']"
242,2019년 12월 24일,"['#LAZYSUNDAY', '#knit', '#life', '#studio', '#레이지선데이', '#레이지선데이스튜디오', '#성수', '#뚝섬', '#서울숲', '#클래스', '#니트클래스', '#겨울', '#겨울니트', '#선물']"
243,2019년 12월 23일,"['#성수동', '#성수', '#성수동카페', '#서울숲', '#서울숲카페', '#밀크티', '#달고나밀크티', '#달고나스콘', '#ㅊa', '#이영자밀크티', '#전지적참견시점밀크티']"
244,2019년 12월 22일,"['#메종프랭크', '#아메리카노', '#바닐라라떼', '#마이프레져', '#커피', '#디저트', '#성수카페', '#성수', '#뚝섬', '#뚝섬카페', '#카페', '#카페투어', '#일상', '#데이트', '#인친', '#소통', '#선팔', '#맞팔', '#좋아요']"
245,2019년 12월 23일,"['#연어덥밥', '#참치회덥밥', '#안경잡이', '#안경스타그램', '#퇴근셀카', '#기분이', '#좋아졌다', '#집에가면', '#맛난거먹기', '#러비더비', '#컬러팝', '#헤어트리트먼트', '#컬러트리트먼트', '#셀프염색', '#로즈마카롱', '#로즈쿼츠', '#애쉬블루', '#러시안블루', '#천챔미', '#94년생', '#24살', '#은팡이', '#기분전환', '#회현', '#마뫼', '#까페', '#우리언니라고하면', '#누가', '#헷갈리까봐', '#성수']"
246,2019년 12월 22일,"['#데일리', '#일상', '#카페', '#휴일', '#서울', '#성수', '#구의', '#종로', '#삼청동', '#연말', '#한옥카페', '#연말파티', '#블루보틀', '#삼청', '#블루보틀삼청한옥', '#서촌카페', '#경복궁카페', '#블루보틀한옥', '#블루보틀삼청', '#루미스파', '#뷰티크리에이터']"
247,2019년 12월 22일,[]
248,2019년 12월 23일,[]
249,2019년 12월 22일,[]
250,2019년 12월 24일,"['#메리크리스마스', '#성탄절준비', '#성수', '#모임맛집', '#고기스타그램', '#송년회', '#회식', '#쫄다구들', '#맛저하세요', '#먹부림']"
251,2019년 12월 23일,"['#성수', '#서울숲', '#문스페이스스타', '#달공별', '#moonspacestar', '#서울숲카페', '#전시공간', '#대관']"
252,2019년 12월 23일,"['#오늘은별로안춥긴하지만', '#이냉치냉', '#퇴근하고싶어요', '#범마하노이', '#성수', '#직장인', '#점심시간', '#성수맛집', '#성수런치', '#맛스타', '#먹스타', '#맛스타그램', '#먹스타그램', '#선팔하면맞팔', '#선팔맞팔', '#맞팔', '#선팔', '#lunch', '#seongsu']"
253,2019년 12월 23일,"['#성수', '#20space', '#큐브카페', '#비투비슬러시', '#소다맛', '#성수카페', '#먹스타그램']"
254,2019년 12월 23일,"['#뷰티크리에이터', '#뷰티모델']"
255,2019년 12월 22일,[]
256,2019년 12월 23일,"['#뮤지엄오브컬러', '#민정이', '#고등학교친구', '#고딩동창', '#평생친구', '#개굴이', '#꿀꿀이', '#20191223', '#성수', '#좋아요', '#좋반', '#99년생', '#친구스타그램', '#내친구', '#일상그램']"
257,2019년 12월 23일,"['#가죽', '#가죽공예', '#선물', '#스튜디오보이', '#가죽공방', '#취미', '#일상', '#데일리', '#성수', '#뚝섬', '#손바느질손꾸락겁나아픔', '#그래도잼써', '#아부지', '#선물', '#어버이선물']"
258,2019년 12월 24일,"['#성수', '#어니언']"
259,2019년 12월 22일,"['#데식이들', '#선물콘']"
260,2019년 12월 22일,"['#율무', '#박율무', '#바귤무', '#등장', '#애기장난감', '#귀요미', '#개스타그램', '#애견스타그램', '#반려동물', '#강아지', '#애기', '#인증샷', '#말티푸그램', '#말티푸입양', '#아기강아지', '#반려견그램', '#애기강아지', '#강아지', '#좋아요', '#팔로우', '#뚝섬', '#아이폰11프로', '#인덕션', '#뽀송뽀송', '#서울숲카페', '#서울숲', '#연남동', '#연트럴파크', '#성수', '#홍대']"
261,2019년 12월 22일,"['#2019년과헤어질준비중', '#크리스마스', '#연말', '#기념', '#와인', '#네츄럴와인', '#성수', '#와인샵', '#리리셀']"
262,2019년 12월 24일,"['#좋반', '#맞팔', '#셀카', '#셀피', '#셀스타그램', '#얼스타그램', '#인친', '#좋아요', '#좋아요반사', '#럽스타그램', '#팔로미', '#데일리코디', '#데일리룩', '#데일리', '#일상', '#소통', '#오늘의코디', '#패션코디', '#오오티디', '#ootd', '#예쁜맨투맨', '#천안', '#여성맨투맨', '#퍼프맨투맨', '#하늘색', '#부산', '#크리스마스이브', '#홍대', '#성수', '#크리스마스']"
263,2019년 12월 22일,"['#성수연방', '#성수나들이', '#크리스마스분위기', '#넘좋아', '#메리크리스마스', '#성수', '#주말', '#일요일']"
264,2019년 12월 24일,"['#롯데월드', '#selfie', '#직장인', '#전신샷', '#거울샷', '#ootd', '#옷스타그램', '#여자', '#me', '#좋아요', '#instagood', '#instalike', '#다이어트', '#셀카', '#셀스타그램', '#일상', '#in', '#성수', '#건대', '#이태원', '#잠실', '#follow', '#소통', '#97', '#96']"
265,2019년 12월 23일,"['#시네마비', '#영화모임', '#영화추천', '#영화관', '#영화명대사', '#성수동', '#소모임', '#성수', '#영화스타그램', '#영화']"
266,2019년 12월 22일,"['#폴더크루', '#폴더', '#뉴발란스', '#뉴발란스703', '#newbalance', '#newbalance703', '#폴더동성로', '#폴더동성로2호점', '#likeforlikes', '#likeforfollow', '#streetstyle', '#highsnobiety', '#fuckyourhype', '#ootd', '#hypebeast', '#like4likes', '#picture', '#dailylook', '#outfit', '#streetwearfashion', '#서면', '#홍대', '#합정', '#성수', '#데일리룩', '#데일리', '#폴더세일', '#슈퍼폴더', '#슈퍼세일']"
267,2019년 12월 23일,[]
268,2019년 12월 23일,"['#팔로우반사', '#선팔하면맞팔', '#청주', '#대전', '#둔산동', '#두정동', '#fff', '#좋반', '#첫줄반사', '#followforfollowback', '#성수', '#팔로우늘리기', '#instagood', '#데일리룩']"
269,2019년 12월 23일,[]
270,2019년 12월 21일,[]
271,2019년 12월 22일,[]
272,2019년 12월 23일,"['#성수', '#성수동', '#맞팔', '#ootd', '#fashion', '#팔로우', '#follow', '#좋아요반사', '#좋반', '#좋반환영', '#모델', '#프리랜서모델', '#nike', '#패션', '#운동하는여자', '#셀피', '#전신샷', '#다리스타그램', '#데일리룩', '#데일리', '#셀피']"
273,2019년 12월 22일,[]
274,2019년 12월 22일,"['#성수', '#주말', '#드립커피', '#힐링푸드', '#겨울', '#날씨좋다', '#힐링', '#daily', '#눈감았지만', '#얻어걸림', '#ootd']"
275,2019년 12월 23일,"['#블루보틀', '#블루보틀성수', '#성수', '#성수동카페', '#뚝섬', '#뚝섬카페', '#소프터', '#아크네스튜디오', '#아크네머플러', '#컨버스', '#캐주얼리']"
276,2019년 12월 22일,"['#커핑', '#커피', '#카페', '#성수', '#성수카페', '#브루잉', '#커피탐구', '#브루잉세레모니', '#바리스타', '#로스터']"
277,2019년 12월 23일,"['#평일', '#점심', '#성수', '#소문난성수감자탕', '#감자탕', '#볶음밥', '#먹스타그램', '#인스타푸드', '#먹방']"
278,2019년 12월 23일,"['#셀카', '#셀피', '#셀스타그램', '#데일리', '#일상', '#얼스타', '#오오티디', '#맞팔', '#선팔', '#옷스타그램', '#selca', '#selfie', '#daily', '#4f4', '#l4l', '#ootd', '#dailylook', '#outfit', '#소통', '#팔로우', '#좋아요', '#coffee', '#cafe', '#에롤파', '#성수', '#성수카페']"
279,2019년 12월 22일,"['#한승우', '#한승우카페', '#컵홀더투어', '#카페투어', '#전시회', '#덕질', '#덕질스타그램', '#엑스원', '#원잇맞팔', '#원잇', '#맞팔', '#팔로우', '#좋반', '#일상', '#학생', '#데일리', '#건대', '#성수', '#서울숲']"
280,2019년 12월 23일,"['#구의역점', '#트리아밀리아', '#레미시오헤어에센스', '#몰리스마레', '#건대', '#성수', '#서울숲', '#구의', '#구의미용실', '#건대미용실', '#허쉬컷', '#좋아요', '#레이어드컷', '#빌드펌', '#팔로우', '#성수미용실', '#단발펌', '#구의역', '#광진구', '#광진구미용실', '#아차산', '#허쉬컷', '#맞팔', '#수능이벤트', '#수능생', '#스타벅스', '#헬스', '#헤드스파']"
281,2019년 12월 24일,"['#피아노연주회', '#스위트피아노수강생들', '#송년모임', '#스위트피아노', '#sweetpiano', '#sweet', '#건대', '#성수', '#뚝섬', '#piano', '#자양동', '#건대스위트피아노', '#건대성인피아노', '#건대직장인피아노', '#건대성인피아노학원', '#성인피아노학원', '#직장인피아노', '#취미피아노', '#성인음악학원', '#음악', '#music', '#맞팔', '#소통', '#일상', '#좋아요', '#pianoclassic', '#뚝섬성인피아노학원', '#취미', '#성수성인피아노학원', '#자양동피아노학원']"
282,2019년 12월 23일,['#연차']
283,2019년 12월 22일,[]
284,2019년 12월 23일,"['#오우도', '#성수', '#뚝섬', '#뚝섬카페', '#데이트코스', '#화이트랩스', '#치아미백', '#치아미백기', '#치아미백제', '#크리스마스', '#전시회', '#김사원의']"
285,2019년 12월 22일,"['#성수', '#타이거풀', '#연말', '#내꺼들', '#일상', '#데일리', '#맞팔', '#댓글', '#오오티디', '#행복', '#파티', '#인스타그램', '#거울샷']"
286,2019년 12월 22일,[]
287,2019년 12월 24일,"['#맛스타그램', '#먹스타그램', '#술스타그램', '#와인스타그램', '#좋아요', '#크리스마스', '#레드와인', '#화이트와인', '#스파클링', '#daily', '#대림창고', '#샴페인', '#뵈브클리코', '#프랑스', '#데이트', '#수제맥주', '#건대', '#크리스마스이브', '#호호세세', '#뚝섬', '#성수', '#서울숲', '#와인', '#커플', '#데이트', '#성수동', '#블루보틀', '#카페거리', '#데이트맛집']"
288,2019년 12월 23일,[]
289,2019년 12월 23일,['#성수']
290,2019년 12월 22일,"['#백예린', '#브리즈웨이', '#크리스마스', '#콘서트', '#예린', '#yerinbaek', '#성수', '#블루바이닐', '#bluevinyl', '#브리즈웨이크리스마스에디션', '#yerin', '#concert', '#christmas', '#breezeway', '#yerinbaek', '#sungsu', '#공연', '#performance', '#square', '#뮤지션', '#music', '#musician', '#라이카', '#leica', '#직찍', '#무보정']"
291,2019년 12월 23일,"['#예쁜여자', '#스테이크', '#긴머리', '#영화', '#일상룩', '#노가리', '#성수', '#구월동', '#성수대교', '#여행', '#한남동맛집', '#선릉역', '#여행중', '#출근', '#사진', '#주말일상']"
292,2019년 12월 22일,"['#성수', '#블루보틀', '#커피', '#카페', '#좋아요', '#뚝섬', '#휴무']"
293,2019년 12월 22일,[]
294,2019년 12월 22일,"['#성수', '#성수맛집', '#성수술집', '#성수와인', '#서울', '#성수명당', '#명당', '#고등어초밥']"
295,2019년 12월 22일,"['#성수', '#성수동카페', '#모멘토브루어스']"
296,2019년 12월 23일,"['#신사소곱창', '#성수']"
297,2019년 12월 24일,[]
298,2019년 12월 23일,"['#일상', '#데일리', '#데이트장소', '#데이트', '#서울숲', '#성수', '#성수동', '#소개팅장소', '#와인', '#와인바', '#성수동맛집', '#서울숲맛집', '#성수핫플레이스', '#건대맛집', '#맛집스타그램', '#데이트코스', '#음식', '#코너룸', '#뚝섬맛집']"
299,2019년 12월 23일,"['#주말', '#주말스타그램', '#일요일', '#뱅쇼', '#와인', '#겨울', '#연말', '#12월', '#술', '#술스타그램', '#성수', '#서울숲', '#서울숲술집', '#wine', '#vinchaud', '#winter', '#cheers', '#happyholidays', '#merrychristmas', '#뷰티크리에이터', '#뷰티모델']"
300,2019년 12월 23일,"['#크리스마스', '#성수', '#성수카페', '#어니언', '#어니언성수', '#onion', '#카페투어', '#카페스타그램', '#카페', '#cafe', '#cafestagram', '#일상', '#사진', '#사진스타그램', '#일상그램', '#일상사진', '#사진정리', '#기록', '#사진정리', '#데일리', '#daily']"
301,2019년 12월 23일,"['#오오티디', '#크리스마스', '#크리스마스파티', '#데이트코스', '#데이트하기좋은곳', '#selfie', '#성수동', '#성수역', '#성수', '#성수맛집', '#성수술집', '#성수동맛집', '#성수동술집', '#성수역맛집', '#성수역3번출구', '#성수동덕', '#성수덕', '#덕', '#duk', '#덕볶이', '#주말데이트', '#술스타그램', '#맛스타그램', '#오르에르', '#자그마치', '#어반소스', '#대림창고']"
302,2019년 12월 23일,[]
303,2019년 12월 23일,[]
304,2019년 12월 24일,['#icelongblack']
305,2019년 12월 22일,"['#한국워킹홀리데이', '#한국워홀', '#광관객모드', '#서울숲', '#성수', '#카페성수']"
306,2019년 12월 23일,"['#성수동', '#성수', '#어메이징브루잉컴퍼니', '#뚝섬', '#뚝섬역', '#맥주', '#맥주스타그램', '#수제맥주', '#ootd', '#셀스타', '#셀카그램', '#얼스타', '#얼스타그램', '#dailylook', '#daiy', '#일상', '#일상스타그램', '#데일리', '#데일리스타그램', '#처피뱅']"
307,2019년 12월 22일,"['#성수연방', '#띵굴마켓', '#성수', '#성수역', '#데일리', '#카페', '#성수동', '#성수동카페', '#소통', '#공유', '#좋아요', '#선팔', '#맞팔', '#오오티디', '#팔로우', '#성수동수제화거리', '#데일리룩', '#인테리어', '#follow', '#daily', '#selfie', '#dailylook', '#fff', '#ootd', '#l4l', '#fashion', '#byni', '#shoe', '#byni']"
308,2019년 12월 22일,[]
309,2019년 12월 23일,"['#평일', '#점심', '#성수', '#대림창고', '#카페', '#먹스타그램', '#인스타푸드', '#먹방']"
310,2019년 12월 22일,"['#성수미술관', '#성수', '#그림', '#예쁜', '#우리']"
311,2019년 12월 22일,"['#daily', '#dailylook', '#ootd', '#dailyfashion', '#wiwt', '#outfit', '#outfitoftheday', '#outfits', '#streetfashion', '#hypebeas', '#fashion', '#seoul', '#style', '#songpa', '#art', '#photography', '#mensstyle', '#chanel', '#데일리룩', '#오오티디', '#송파', '#서울', '#압구정', '#신사', '#이태원', '#청담', '#성수']"
312,2019년 12월 22일,"['#백예린', '#브리즈웨이', '#크리스마스', '#콘서트', '#예린', '#yerinbaek', '#성수', '#블루바이닐', '#bluevinyl', '#브리즈웨이크리스마스에디션', '#yerin', '#concert', '#christmas', '#breezeway', '#yerinbaek', '#sungsu', '#공연', '#performance', '#square', '#뮤지션', '#music', '#musician', '#라이카', '#leica', '#직찍', '#무보정']"
313,2019년 12월 24일,"['#sgj', '#sgj', '#sgj반지', '#artistjewelry', '#gold', '#rings', '#diamonds', '#sgj예물', '#커플링', '#소사이어티오브골든제이', '#성수']"
314,2019년 12월 23일,"['#스튜디오아텍', '#코딩', '#코딩수업', '#성수동', '#성수역', '#성동구', '#뚝섬', '#서울숲', '#성수', '#프로그래밍', '#코딩교육', '#미디어아트', '#프로세싱', '#processing', '#mediaart', '#creativecoding', '#레슨', '#과외', '#코딩과외', '#디자이너', '#인터렉티브아트', '#소수정예', '#서울라이트', '#seoullight', '#ddp', '#디디피', '#동대문디자인플라자']"
315,2019년 12월 22일,[]
316,2019년 12월 23일,"['#블루보틀', '#뚝섬', '#성수', '#카페', '#헬요일', '#월요일', '#일상', '#소통', '#셀피', '#오오티디', '#팔로우', '#선팔', '#선팔하면맞팔', '#맞팔', '#소통해요', '#인친', '#좋아요', '#데일리룩', '#팔로우미', '#좋아요반사', '#ootd', '#feed', '#likeit', '#iphone', '#daily', '#follow', '#today', '#likeforlike', '#bluebottlecoffee', '#bluebottle']"
317,2019년 12월 23일,"['#성수', '#성수동맛집', '#온량', '#porkcutlet', '#성수', '#성수동맛집', '#서울맛집', '#온량', '#돈까스맛집', '#로제파스타', '#파스타', '#서울숲맛집', '#맛집소개', '#주말저녁메뉴', '#food', '#foodporn', '#instafood', '#daily', '#instagood', '#goodtime', '#foodies']"
318,2019년 12월 22일,"['#성수', '#뚝섬', '#서울숲', '#종강', '#졸업', '#유어네임히얼', '#셀피', '#데일리', '#데일리룩', '#selfie', '#selca', '#daily', '#dailylook', '#insta', '#insatdaily', '#instagood', '#ootd', '#black', '#blue']"
319,2019년 12월 23일,"['#성수', '#성수카페', '#가비당', '#아이폰11']"
320,2019년 12월 22일,"['#코너룸', '#성수동와인', '#성수']"
321,2019년 12월 22일,"['#성수', '#밀리언아카이브', '#오스테리아쟌니', '#호스팅하우스', '#종강파티']"
322,2019년 12월 22일,"['#daily', '#instadaily', '#instagood', '#fighting', '#cat', '#catstagram', '#데일리', '#일상', '#주말', '#성수', '#일요일', '#화이팅', '#하이파이브', '#고양이', '#고양이발', '#fff', '#f4f', '#likeforlikes', '#likeforfollow', '#catlover', '#catlovers']"
323,2019년 12월 23일,[]
324,2019년 12월 24일,"['#daily', '#photography', '#korea', '#subway', '#일상', '#데일리', '#사진스타그램', '#성수', '#대학생']"
325,2019년 12월 22일,[]
326,2019년 12월 23일,"['#카린지', '#뚝섬', '#뚝섬카페', '#뚝섬맛집', '#뚝섬역맛집', '#성수', '#성수맛집', '#맛집추천', '#카페추천', '#카페투어', '#카레맛집', '#돈까스맛집', '#먹스타그램', '#셀카', '#셀피', '#셀스타그램', '#소통', '#좋아요', '#좋반', '#선팔', '#맞팔', '#선팔맞팔', '#팔로우', '#팔로미', '#selca', '#selfie', '#ootd', '#f4f', '#l4l']"
327,2019년 12월 23일,"['#율무', '#박율무', '#바귤무', '#등장', '#애기장난감', '#귀요미', '#개스타그램', '#애견스타그램', '#반려동물', '#강아지', '#애기', '#인증샷', '#말티푸그램', '#말티푸입양', '#아기강아지', '#반려견그램', '#애기강아지', '#강아지', '#좋아요', '#팔로우', '#뚝섬', '#아이폰11프로', '#인덕션', '#뽀송뽀송', '#서울숲카페', '#서울숲', '#연남동', '#연트럴파크', '#성수', '#홍대']"
328,2019년 12월 22일,"['#카페글로우', '#성수']"
329,2019년 12월 24일,"['#merrychristmas', '#소원을말해봐', '#제주', '#jeju', '#서점숙소', '#함덕게스트하우스', '#직장인', '#요가강사', '#yogainstructor', '#서울숲', '#서울숲요가', '#뚝섬역', '#뚝섬역요가', '#성수', '#성수동요가', '#운동녀', '#운동하는여자', '#요가하는여자', '#yoga', '#yogini']"
330,2019년 12월 22일,"['#보일러룸', '#boilerroom', '#boriler', '#보일러', '#성수에스팩토리', '#성수역', '#성수sfactory', '#성수s팩토리', '#성수', '#성수동']"
331,2019년 12월 24일,['#미리크리스마스']
332,2019년 12월 24일,[]
333,2019년 12월 23일,"['#견스타그램', '#개스타그램', '#멍스타그램', '#댕댕이하우스', '#강아지호텔', '#애견호텔', '#댕댕이호텔', '#댕댕이', '#애견미용', '#강아지미용', '#성수', '#뚝섬', '#뚝섬역', '#성동구애견호텔', '#성수동애견호텔', '#성수맛집', '#뚝섬맛집', '#일상', '#데일리', '#말티즈', '#포메푸', '#비숑', '#포메', '#푸들', '#초코푸들', '#크림푸들', '#비글', '#웰시코기']"
334,2019년 12월 23일,"['#성수', '#뚝섬카페', '#이월로스터스', '#이월로스터스성수점', '#february', '#조명이좋아서', '#프사바꾸기', '#딱좋아']"
335,2019년 12월 22일,['#외출']
336,2019년 12월 24일,"['#카페봇', '#성수', '#성수동', '#카페', '#화요일', '#24일', '#케이크', '#바닐라라떼', '#학생', '#성수동카페', '#로봇', '#카페']"
337,2019년 12월 24일,"['#메리크리스마스', '#운동', '#merrychristmas', '#내일수업잡았다', '#크리스마스는운동이지', '#내일비와라', '#미세먼지겁나껴라']"
338,2019년 12월 22일,"['#성수', '#뚝섬역', '#뚝섬맛집', '#카린지', '#웨이팅중', '#배고파', '#하루종일', '#공복인데', '#배고파요', '#언능', '#들어가고파', '#좋튀', '#좋튀', '#좋아요테러', '#선팔하면맞팔', '#맞팔', '#소통해요']"
339,2019년 12월 23일,[]
340,2019년 12월 22일,"['#펌잘하는윤경디자이너', '#단발c컬펌', '#뿌리볼륨펌', '#사이드뱅으로', '#레이어드c컬펌', '#레이어드컷', '#c컬펌']"
341,2019년 12월 23일,"['#열심히살면', '#돌아온다', '#무조건']"
342,2019년 12월 22일,[]
343,2019년 12월 23일,[]
344,2019년 12월 22일,[]
345,2019년 12월 22일,"['#성수', '#뚝섬', '#서울숲', '#배달의민족', '#요기요', '#훈제바베큐', '#폴드포크']"
346,2019년 12월 24일,"['#art', '#우아함', '#작품', '#follow', '#fff', '#ff', '#f4f', '#오오티디', '#ootd', '#selfie', '#맞팔', '#선팔', '#좋아요', '#일상', '#도산공원', '#맛집', '#강남', '#홍대', '#이태원', '#연남', '#성수', '#리뷰', '#좋반', '#foodstagram', '#갬성', '#artist', '#감성스타그램']"
347,2019년 12월 23일,"['#원데이클래스', '#diy취미', '#아로마diy지도사자격증', '#스킨만들기', '#페이스오일만들기', '#로즈힙오일화장품', '#천연코스메틱', '#천연화장품', '#천연공방', '#취미공방', '#공방데이트', '#실내데이트', '#이색취미', '#soapery', '#솝퍼리왕십리', '#성동', '#한양대', '#성수', '#건대', '#동대문']"
348,2019년 12월 24일,[]
349,2019년 12월 23일,"['#양승호', '#최승희', '#남궁규', '#이승준', '#김규찬', '#김태유', '#김탁현', '#김승준', '#정우람', '#한인호', '#최일준', '#박선재', '#인호', '#성수', '#이석준', '#오루트', '#비커즈', '#안타레스', '#킹덤즈', '#yangseungho', '#ChoiSeungHee', '#namgounggyu', '#kimtaeyou', '#leeseungjun', '#oroute', '#becuase', '#antares', '#unknown', '#kingdoms', '#09']"
350,2019년 12월 22일,"['#따뜻한겨울', '#건대', '#성수', '#뚝섬', '#바이올렛']"
351,2019년 12월 22일,"['#성수', '#푸른바다횟집', '#방어', '#광어', '#굴', '#매운탕', '#닭한마리', '#회', '#회무침', '#이천햅쌀커피', '#소주', '#횟집', '#뱃속엔', '#방어가', '#헤엄중', '#한명빠진완전체']"
352,2019년 12월 23일,"['#성인취미미술', '#직장인취미미술', '#성수취미미술', '#성수동취미미술', '#선팔하면맞팔', '#선팔맞팔', '#좋아요반사', '#성수핫플', '#성수동성인미술', '#성수카페거리', '#성수', '#선팔', '#맞팔', '#좋아요', '#셀카', '#셀피', '#소통', '#첫줄', '#좋아요테러', '#반사테러', '#반사', '#이차원작업실', '#팔로우', '#셀카', '#데일리룩', '#그림원데이클래스', '#서울화실', '#성수동그림원데이클래스', '#좋아요반사', '#art', '#artist', '#광진구취미미술']"
353,2019년 12월 23일,"['#셀카', '#셀피', '#셀스타그램', '#데일리', '#일상', '#얼스타', '#오오티디', '#맞팔', '#선팔', '#옷스타그램', '#selca', '#selfie', '#daily', '#4f4', '#l4l', '#ootd', '#dailylook', '#outfit', '#소통', '#팔로우', '#좋아요', '#coffee', '#cafe', '#에롤파', '#성수']"
354,2019년 12월 24일,"['#좋반', '#맞팔', '#셀카', '#셀피', '#셀스타그램', '#얼스타그램', '#인친', '#좋아요', '#좋아요반사', '#럽스타그램', '#팔로미', '#데일리코디', '#데일리룩', '#데일리', '#일상', '#소통', '#오늘의코디', '#패션코디', '#오오티디', '#ootd', '#캠핑', '#인천', '#여성오버핏', '#퍼프맨투맨', '#버킷햇', '#부산', '#맛점', '#홍대', '#성수', '#크리스마스']"
355,2019년 12월 23일,"['#젤리타', '#원주옷가게', '#술스타그램', '#한잔', '#광주옷가게', '#그림', '#대전옷가게', '#크리스마스', '#여자옷가게', '#성수', '#이태원', '#셀피', '#셀스타그램', '#치즈', '#팔로우', '#원주카페', '#일상', '#신상카페', '#좋아요', '#셀카', '#와인안주', '#대구', '#원주', '#오픈', '#먹스타그램', '#분위기', '#얼스타그램', '#퇴근후', '#월요일', '#와인']"
356,2019년 12월 23일,"['#대구', '#서울', '#서울나들이', '#성수', '#성수맛집', '#남다른본가닭한마리', '#닭한마리', '#맛집', '#먹스타그램', '#맛스타그램', '#선팔', '#맞팔']"
357,2019년 12월 23일,"['#서울숲', '#성수', '#ofrseoul', '#갤러리결']"
358,2019년 12월 23일,"['#성수', '#성수연방', '#에이커', '#acre', '#묘사서울', '#연말', '#연말파티']"
359,2019년 12월 23일,"['#컴포터블', '#주문', '#패브릭', '#컴포터블패브릭', '#텍스타일', '#블랭킷', '#담요', '#커튼', '#자취방', '#성수']"
360,2019년 12월 7일,"['#퇴사', '#도비는자유에요', '#배웠다고써먹기', '#퇴사기념', '#감사합니다', '#고양이집사', '#집사님들', '#그리울꺼야']"
361,2019년 12월 23일,"['#메종드글로리', '#성수', '#성수연방', '#아는동네', '#성수역', '#크리스마스', '#곧', '#쉬는날', '#merrychristmas', '#happynewyear']"
362,2019년 12월 23일,"['#오오티디', '#오오티디룩', '#패션', '#fashion', '#남자데일리룩', '#데일리코디', '#놈코어룩', '#미니멀', '#스트릿', '#데일리룩', '#뚝섬카페', '#성수동카페', '#성수', '#서울숲', '#성수빈티지']"
363,2019년 12월 22일,['#감기조심하세요']
364,2019년 12월 23일,[]
365,2019년 12월 24일,"['#빈티지', '#빈티지샵', '#프렌치시크', '#명품빈티지', '#명품구제', '#빈티지패션', '#빈티지드레스', '#빈티지쇼핑몰', '#일본빈티지', '#유럽빈티지', '#수입빈티지', '#vintage', '#vintageshop', '#vintagedress', '#빈티지원피스', '#liudress', '#dress', '#리우드레스', '#ootd', '#빈티지쇼핑몰', '#성수빈티지', '#성수동', '#성수', '#성수연방', '#건대빈티지', '#vintageboutique']"
366,2019년 12월 23일,"['#일상', '#커피', '#카멜커피', '#성수', '#성수맛집']"
367,2019년 12월 22일,['#셀스타']
368,2019년 12월 23일,"['#호호식당', '#고기는내앞으로', '#소년식당', '#이로우', '#다못가고', '#걷다가', '#들어갔는데', '#너무', '#맛있다', '#크으', '#성수', '#못잃어', '#기념일', '#계속', '#잘부탁해요', '#맛집', '#럽스타그램']"
369,2019년 12월 23일,"['#성수', '#성수역', '#바베양장', '#일상', '#사진', '#사진스타그램', '#일상그램', '#일상사진', '#사진정리', '#기록', '#셀피', '#셀카', '#사진정리', '#셀피스타그램', '#셀스타그램', '#셀카그램', '#셀피그램', '#selfie', '#얼스타그램', '#데일리', '#daily']"
370,2019년 12월 22일,"['#성수', '#카페스타그램', '#카페봇', '#cafebot', '#디비던즈', '#남자모델']"
371,2019년 12월 23일,"['#생일파티', '#생일', '#birthday', '#birthdayparty', '#thankyou', '#고마워', '#생일케이크', '#이로우', '#성수', '#이자카야', '#성수맛집', '#호과자', '#힐링', '#서울', '#생파', '#selfie', '#케이크', '#dessert', '#izakaya', '#seoul', '#좋은사람들과좋은시간', '#좋반', '#좋튀반사', '#셀스타그램', '#셀피', '#선팔맞팔', '#협찬', '#당일치기', '#서울', '#서울맛집', '#맛집']"
372,2019년 12월 22일,"['#성수', '#서울숲', '#갤러리결', '#iamart', '#삼성역', '#코엑스몰', '#코엑스', '#서울아트쇼', '#2019서울아트쇼']"
373,2019년 12월 23일,"['#뮤지엄오브컬러', '#전시', '#전시회', '#전시스타그램', '#에스팩토리', '#문화생활', '#데이트', '#성수', '#성수데이트', '#12월전시', '#전시회', '#전시회추천', '#색깔', '#감성글귀', '#감성', '#감성스타그램', '#snapshot', '#portrait', '#gallery', '#art']"
374,2019년 12월 23일,"['#왕십리', '#성수', '#홍대', '#주말', '#일요일', '#오오티디', '#데일리', '#인스타그램', '#저녁', '#왕십리', '#맛집', '#먹스타그램', '#곱창', '#겨울', '#ootd', '#daily', '#instagram', '#sunday', '#dinner', '#koreafood', '#weekend', '#travel']"
375,2019년 12월 22일,"['#selfie', '#성수']"
376,2019년 12월 23일,"['#성수', '#블루보틀', '#bluebottle']"
377,2019년 12월 22일,"['#후식당', '#라떼']"
378,2019년 12월 23일,"['#성수', '#성수역', '#바베양장', '#먹스타그램', '#일상', '#사진', '#사진스타그램', '#일상그램', '#일상사진', '#사진정리', '#기록', '#사진정리', '#데일리', '#daily']"
379,2019년 12월 24일,"['#서울', '#성수동', '#성수역', '#성수', '#셀피', '#셀카', '#셀카그램', '#크리스마스', '#크리스마스이브', '#메리크리스마스', '#해피크리스마스']"
380,2019년 12월 22일,"['#이월로스터스', '#성수', '#서울숲', '#성수카페', '#일상', '#휴무', '#스페셜티']"
381,2019년 12월 22일,"['#성수', '#블루보틀']"
382,2019년 12월 22일,['#패터슨커피']
383,2019년 12월 24일,"['#001', '#호호SHOW', '#연말공연', '#뮤지컬쇼', '#공공연', '#공연을함께만드는공동체', '#소모임app', '#뮤지컬공연', '#취미연기', '#혜화', '#연극', '#액팅', '#성수', '#뮤지컬', '#보컬', '#안무', '#클래스', '#레슨', '#개인레슨', '#취미', '#직장인', '#회사원', '#일반인', '#학생', '#배우', '#무대', '#공연', '#꿈', '#버킷리스트']"
384,2019년 12월 23일,"['#StudioConcrete', '#concrete1111', '#1', '#PeggyGou', '#Sfactory', '#스튜디오콘크리트', '#콘크리트1111', '#너', '#페기구', '#에스팩토리', '#Sfactory', '#S팩토리', '#성수', '#성수동']"
385,2019년 12월 23일,"['#나전칠기', '#자개', '#craft', '#나전칠기체험', '#자개체험', '#일일체험', '#원데이클래스', '#성수', '#성수동카페', '#성수동맛집', '#서울숲', '#handmade', '#데이트하기좋은곳', '#끊음질', '#korea', '#seoul']"
386,2019년 12월 22일,"['#ㅊa', '#차', '#카페', '#카페스타그램', '#성수동맛집', '#성수동카페', '#성수', '#스콘', '#밀크티']"
387,2019년 12월 22일,[]
388,2019년 12월 22일,"['#블루보틀', '#성수', '#인셀덤사업', '#인셀덤', '#인셀덤서울본부', '#최배견', '#김기춘', '#인셀덤김기춘', '#인셀덤최배견', '#인셀덤배영남']"
389,2019년 12월 22일,"['#긴머리', '#레이어드컷', '#s컬펌', '#전체염색', '#뿌리염색', '#매트', '#DM환영', '#준오헤어나희', '#준오헤어', '#건대준오헤어1호점', '#헤어모델구함', '#염색', '#커트', '#펌', '#c컬펌', '#s컬펌', '#머리잘하는미용실', '#염색모델', '#커트모델', '#펌모델', '#뿌리펌', '#매트브라운염색', '#베이지브라운염색', '#다크브라운염색', '#성수역미용실', '#건대역미용실', '#건대', '#성수', '#뚝섬', '#한양대', '#왕십리']"
390,2019년 12월 23일,"['#성수', '#핫플레이스', '#camel', '#주말나들이']"
391,2019년 12월 24일,"['#키토제닉라이프', '#키토식단', '#keto', '#ketodiet', '#둔촌시장', '#둔촌시장제주아줌마집', '#성수동맛집', '#성수동레귤러', '#송년회', '#해물탕', '#둔촌동전통시장', '#닭가슴살', '#avocado', '#kitogenic', '#성수']"
392,2019년 12월 23일,[]
393,2019년 12월 23일,"['#art', '#artwork', '#photography', '#photograph', '#dailypic', '#seoul', '#songpa', '#seongsu', '#chungdam', '#데일리', '#서울', '#송파', '#청담', '#이태원', '#성수', '#신사']"
394,2019년 12월 24일,"['#셀스타그램', '#selfie', '#서울', '#성수', '#서울숲', '#카페', '#빙봉', '#자그마치', '#메가박스', '#더부티끄']"
395,2019년 12월 22일,"['#ㅊa', '#차', '#ㅊa', '#달고나밀크티', '#달고나밀크', '#분당동', '#서현', '#달고나', '#맛스타그램', '#맛집추천', '#분당', '#성수', '#밀크티', '#일상', '#데일리']"
396,2019년 12월 24일,"['#울자켓코디', '#맞팔해요', '#셀카', '#맞팔', '#팔로우반사', '#선팔하면맞팔', '#패딩코디', '#성수', '#뚝섬', '#건대', '#서울숲', '#여성복추천', '#쇼핑몰추천', '#인스타쇼핑몰', '#데일리룩', '#데일리코디', '#패딩추천', '#니트원피스', '#롱패딩', '#웰론패딩', '#모드', '#mode', '#플리츠스커트', '#울스커트', '#울자켓', '#모직자켓', '#크롭니트']"
397,2019년 12월 23일,[]
398,2019년 12월 24일,"['#독서', '#성수', '#북스타그램', '#2020년에도', '#새로운', '#도전', '#새로운', '#경험', '#많이', '#하고싶다']"
399,2019년 12월 23일,"['#supermatcha', '#성수', '#뚝섬카페', '#초록초록', '#서울', '#일상스타그램', '#갤럭시']"
400,2019년 12월 22일,"['#크리스마스', '#파티', '#party', '#연말파티', '#배우스피치', '#12월', '#어쿠스틱블루', '#성수', '#낭독극', '#holiday', '#로즈핀치', '#밴드', '#공연', '#영화', '#제작', '#상영', '#이벤트', '#선물교환', '#시상식', '#에너지뿜뿜', '#열정서포터즈', '#인성칭찬해', '#존경의감사', '#올해의mvp', '#최고의친구', '#고맙습니다']"
401,2019년 12월 22일,"['#photography', '#travelphoto', '#travelling', '#traveller', '#picture', '#landscape', '#daily', '#travelgram', '#exhibition', '#architecture', '#architect', '#archistudent', '#architecture', '#architecturelovers', '#next', '#superarchitects', '#archihub', '#archidaily', '#풍경', '#풍경사진', '#사진', '#여행', '#일상', '#여행스타그램', '#건축', '#건축학도', '#성수동', '#성수', '#에스팩토리', '#뮤지엄오브컬러']"
402,2019년 12월 23일,"['#성수', '#타이거풀']"
403,2019년 12월 22일,"['#성수', '#카페온화']"
404,2019년 12월 22일,"['#성수', '#큐뮬러스']"
405,2019년 12월 24일,"['#진천역', '#세교동', '#성수', '#신부동', '#아미', '#단계동', '#봉황동', '#오전동', '#토평동', '#양지']"
406,2019년 12월 22일,"['#성수동맛집', '#성수', '#성수맛집', '#성수역', '#성수역맛집', '#태국음식', '#레몬그라스', '#레몬그라스성수', '#파인애플볶음밥비추']"
407,2019년 12월 24일,"['#태안', '#만년동', '#합동', '#신관동', '#마두동', '#성수', '#옥길', '#칠원', '#학익동', '#하소동']"
408,2019년 12월 23일,['#성수']
409,2019년 12월 23일,[]
410,2019년 12월 23일,"['#좋반', '#좋아요반사', '#좋아요', '#팔로우', '#followforfollowback', '#맞팔', '#선팔맞팔', '#일상', '#강남', '#선팔하면맞팔', '#맞팔해요', '#fff', '#맞팔100', '#서울', '#instagram', '#instagood', '#selca', '#selfie', '#셀스타그램', '#ootd', '#얼스타그램', '#첫줄', '#좋아요테러', '#팔로워늘리기', '#일상', '#christmas', '#데일리룩', '#협찬', '#크리스마스', '#성수', '#holiday']"
411,2019년 12월 23일,[]
412,2019년 12월 23일,"['#새벽감성', '#일기는일기장에', '#하이킥은이불에', '#어느새10년지기', '#피톤치드같은만남', '#연말모임', '#고마웠다', '#성수', '#사당', '#옛날사람', '#사랑해요ㄱㄴㄹ', '#보고싶어요ㅇㅈㅇㄷ', '#우주최고미남송하아빠', '#남편체고']"
413,2019년 12월 23일,"['#레드슈즈', '#베우', '#성수', '#ToyStory', '#슈퍼배드', '#겨울왕국', '#차탄', '#뽀로로', '#미래를', '#display']"
414,2019년 12월 23일,[]
415,2019년 12월 22일,"['#와인셀러', '#이제다와간다', '#공사중', '#담주면끝', '#성수', '#와인문화공간', '#뚝섬역', '#블루보틀']"
416,2019년 12월 23일,"['#빵스타그램', '#성수', '#성수카페', '#어니언', '#어니언성수', '#onion', '#카페투어', '#카페스타그램', '#카페', '#cafe', '#cafestagram', '#일상', '#사진', '#사진스타그램', '#일상그램', '#일상사진', '#사진정리', '#기록', '#사진정리', '#데일리', '#daily']"
417,2019년 12월 23일,"['#토마호크포크커틀렛', '#온량']"
418,2019년 12월 24일,"['#안다르', '#안다르X요가웨이브', '#요가클래스', '#안다르오브더데이', '#myaotd', '#ANDAR', '#안다르축하해', '#내가즐거우면그게맞는거야', '#모두의레깅스', '#에어쿨링', '#레깅스성애자', '#아쉬탕가요가', '#ashtanga', '#요가웨이브', '#성수', '#크리스마스선물', '#메리크리스마스', '#운태기극복', '#운동슬럼프극복', '#운동하는여자']"
419,2019년 12월 22일,[]
420,2019년 12월 22일,"['#때가이르매', '#성수']"
421,2019년 12월 23일,"['#살라미샌드위치', '#모어레스', '#코르크보틀', '#유리보틀', '#옐로우플레이트', '#체리샌드위치', '#얼죽아', '#홈카페']"
422,2019년 12월 23일,"['#성수', '#성수맛집', '#성수다락', '#오므라이스', '#매콤크림파스타', '#찹스테이크', '#감바스', '#퇴근후맛집', '#오므라이스맛집', '#30분기다려서먹음', '#사장님친절한곳', '#옥상사진관', '#큰문말고작은문이입구에요']"
423,2019년 12월 22일,"['#냐항', '#성수동맛집', '#성수', '#베트남음식', '#베트남음식점']"
424,2019년 12월 22일,"['#마라샹궈', '#건대', '#성수', '#카페', '#인절미', '#눈', '#사람들', '#에이드']"
425,2019년 12월 22일,[]
426,2019년 12월 24일,[]
427,2019년 12월 22일,"['#하노이102', '#서울숲', '#성수', '#하노이102', '#분짜', '#분보남보']"
428,2019년 12월 23일,"['#냐항', '#아모레성수', '#성수', '#성수카페', '#아모레', '#건대카페', '#코덕', '#성수동맛집', '#매봉맛집', '#먹방스타그램', '#마포카페', '#신촌카페', '#homemade', '#homecafe', '#homecook', '#홈쿡', '#홈쿡스타그램', '#브런치', '#잠원', '#일상', '#소통', '#패션', '#oodt', '#일상룩', '#데일리룩', '#잠원맛집', '#신사맛집']"
429,2019년 12월 23일,"['#전시', '#뮤지엄오브컬러', '#전시회', '#museumofcolors', '#에스팩토리', '#성수']"
430,2019년 12월 23일,"['#성수', '#자그마치', '#자그마치카페', '#zagmachi', '#cafe', '#coffee', '#coffeetime', '#instasize', '#blogger']"
431,2019년 12월 23일,"['#제주', '#jeju', '#친봉산장', '#cafe', '#coffee', '#커피', '#아이리쉬커피', '#직장인', '#요가강사', '#yogainstructor', '#데일리룩', '#ootd', '#오프숄더니트', '#화이트팬츠', '#하이힐', '#서울숲', '#서울숲요가', '#뚝섬역', '#뚝섬역요가', '#성수', '#성수동요가', '#운동녀', '#운동하는여자', '#요가하는여자', '#yoga', '#yogini']"
432,2019년 12월 23일,"['#성수', '#어니언']"
433,2019년 12월 23일,"['#레드룩', '#마르디', '#마르디mardi']"
434,2019년 12월 23일,"['#현영이', '#일상', '#데일리', '#daily', '#진주', '#홍대', '#신사', '#성수', '#합정', '#논현', '#상수', '#강남', '#미용인', '#셀스타그램', '#오늘', '#셀피', '#팔로우', '#좋아요', '#소통', '#ootd', '#outfit', '#cafe', '#instagood', '#instadaily', '#selfie']"
435,2019년 12월 23일,"['#20191223', '#기록', '#성수']"
436,2019년 12월 23일,"['#연어덥밥', '#참치회덥밥', '#안경잡이', '#안경스타그램', '#퇴근셀카', '#기분이', '#좋아졌다', '#집에가면', '#맛난거먹기', '#러비더비', '#컬러팝', '#헤어트리트먼트', '#컬러트리트먼트', '#셀프염색', '#로즈마카롱', '#로즈쿼츠', '#애쉬블루', '#러시안블루', '#천챔미', '#94년생', '#24살', '#은팡이', '#기분전환', '#회현', '#마뫼', '#까페', '#우리언니라고하면', '#누가', '#헷갈리까봐', '#성수']"
437,2019년 12월 22일,"['#boilerroom', '#boilerroomseoul', '#보일러룸', '#보일러룸서울', '#성수', '#sfactory', '#테크노', '#musicfestival', '#연말파티', '#dj', '#다리아파']"
438,2019년 12월 24일,"['#sgj', '#sgj반지', '#artistjewelry', '#pearl', '#rings', '#소사이어티오브골든제이', '#성수', '#크리스마스', '#선물', '#주얼리']"
439,2019년 12월 24일,"['#지니아무드', '#스토어팜업뎃']"
440,2019년 12월 23일,"['#우연히만나다', '#소셜파티', '#왕십리', '#상왕십리', '#마장동', '#응봉', '#성수', '#건대']"
441,2019년 12월 23일,"['#프랑스', '#파리', '#카페', '#강남', '#강남카페', '#성수', '#성수카페', '#뚝섬', '#뚝섬카페', '#연남동', '#연남동카페', '#한남동', '#한남동카페', '#가로수길', '#가로수길카페', '#디저트카페', '#파티쉐', '#디저트', '#바리스타', '#커피', '#카페스타그램', '#카페투어', '#카페추천', '#감성카페', '#일상', '#데일리', '#감성', '#daily', '#barista', '#coffee']"
442,2019년 12월 22일,['#퇴근']
443,2019년 12월 22일,"['#크리스마스', '#marrychristmas', '#성수', '#뚝섬', '#파티룸', '#selfie', '#selca', '#좋은시간', '#재미따']"
444,2019년 12월 23일,"['#일상', '#데일리', '#월요일', '#퇴근', '#힐링', '#홍대', '#셀피', '#얼스타그램', '#셀스타그램', '#selfie', '#mood', '#ootd', '#dailylook', '#상수', '#선팔', '#맞팔', '#성수', '#fff', '#l4l', '#자라나라머리머리']"
445,2019년 12월 22일,"['#먹스타그램', '#먹스타', '#맛스타', '#맛스타그램', '#인스타푸드', '#뚝섬', '#instafood', '#뚝섬맛집', '#좋아요반사', '#뚝섬역맛집', '#jmtgr', '#좋아요테러', '#선팔', '#맞팔', '#선팔맞팔', '#선팔하면맞팔', '#jmt', '#맛집', '#부대찌개', '#부대찌개맛집', '#성수동맛집', '#성수맛집', '#성수', '#서울숲', '#서울숲맛집', '#맛집추천', '#맛집스타그램', '#첫줄반사', '#food', '#외식']"
446,2019년 12월 24일,"['#생후487일', '#크리스마스이브', '#성수다락', '#육아', '#일상', '#육아일상', '#15개월아기', '#8월생아기', '#황금개띠', '#황금개띠아기', '#성수', '#성수동맛집', '#성수다락', '#매콤크림파스타', '#다락오므라이스', '#가츠산도']"
447,2019년 12월 23일,"['#001', '#호호SHOW', '#연말공연', '#뮤지컬쇼', '#공공연', '#공연을함께만드는공동체', '#소모임app', '#뮤지컬공연', '#취미연기', '#혜화', '#연극', '#액팅', '#성수', '#뮤지컬', '#보컬', '#안무', '#클래스', '#레슨', '#개인레슨', '#취미', '#직장인', '#회사원', '#일반인', '#학생', '#배우', '#무대', '#공연', '#꿈', '#버킷리스트']"
448,2019년 12월 22일,"['#렌트카', '#수입차렌트', '#보험수리', '#사고대차', '#1급공업사', '#수입차전문', '#벤츠', '#BMW', '#볼보', '#재규어', '#포르쉐', '#레인지로버', '#랜드로버', '#폭스바겐', '#전차종보유', '#서울', '#경기', '#전지역', '#강남', '#역삼동', '#압구정동', '#신사동', '#서초동', '#성수', '#성수동']"
449,2019년 12월 23일,"['#Rollei35S', '#fuji']"
450,2019년 12월 23일,"['#블보', '#뚝섬', '#성수', '#카페', '#헬요일', '#월요일', '#일상', '#소통', '#셀피', '#오오티디', '#팔로우', '#선팔', '#선팔하면맞팔', '#맞팔', '#소통해요', '#인친', '#좋아요', '#데일리룩', '#팔로우미', '#좋아요반사', '#ootd', '#feed', '#likeit', '#iphone', '#daily', '#follow', '#today', '#likeforlike', '#bluebottlecoffee', '#bluebottle']"
451,2019년 12월 22일,"['#성수', '#블루보틀', '#건대', '#오릭스바', '#주말', '#송년회']"
452,2019년 12월 23일,"['#001', '#호호SHOW', '#연말공연', '#뮤지컬쇼', '#공공연', '#공연을함께만드는공동체', '#소모임app', '#뮤지컬공연', '#취미연기', '#혜화', '#연극', '#액팅', '#성수', '#뮤지컬', '#보컬', '#안무', '#클래스', '#레슨', '#개인레슨', '#취미', '#직장인', '#회사원', '#일반인', '#학생', '#배우', '#무대', '#공연', '#꿈', '#버킷리스트']"
453,2019년 12월 22일,[]
454,2019년 12월 24일,"['#성수', '#contempo', '#플랫화이트']"
455,2019년 12월 22일,"['#성수', '#성수동카페', '#성수역카페', '#카페', '#카페투어', '#녹차테린느', '#피스타치오라떼', '#카페추천', '#서울카페추천', '#우디집', '#성수우디집', '#selfie', '#f4f']"
456,2019년 12월 22일,"['#instagood', '#instaselfie', '#instadaily', '#daily', '#selfie', '#selca', '#셀카', '#셀스타그램', '#좋반', '#좋아요반사', '#dailylook', '#ootd', '#일상', '#맞팔', '#선팔', '#홍대', '#소통', '#팔로우', '#follow', '#dailyloo', '#인천', '#강남', '#부평', '#구월동', '#주안', '#성수', '#성수동']"
457,2019년 12월 22일,[]
458,2019년 12월 21일,[]
459,2019년 12월 22일,"['#성수', '#바이산', '#몽블랑먹고싶다']"
460,2019년 12월 24일,"['#헬로헬씨', '#헬로헬씨서울', '#hellohealthy', '#그래놀라', '#그릭요거트']"
461,2019년 12월 24일,"['#뚝섬', '#서울숲', '#성수', '#쿄와텐동', '#아나고텐동', '#또생각난다', '#작년겨울의텐동', '#추억속그곳']"
462,2019년 12월 22일,"['#일상', '#추억', '#기록', '#연말', '#오랫만입니다요', '#성수', '#서울숲', '#브런치카페', '#맛집', '#체다앤올리', '#바삭고소', '#바베큐그릴치킨파니니', '#오동통통새우', '#칠리쉬림프샌드위치', '#한상가득', '#맛나게먹고', '#너와나의연결고리', '#새로운네트워크', '#쭈욱이어갑시다']"
463,2019년 12월 24일,[]
464,2019년 12월 22일,[]
465,2019년 12월 24일,[]
466,2019년 12월 24일,"['#성수', '#서울숲스냅', '#마리에블룸', '#travel', '#travelgram', '#photo', '#iphone7plus', '#photography', '#selfies', '#selfie', '#selstagram', '#wandering']"
467,2019년 12월 24일,"['#하소동', '#중앙역', '#인계동', '#부개동', '#영천', '#망우', '#예천군', '#제주시', '#성수', '#서창동', '#통영시', '#모종']"
468,2019년 12월 22일,"['#마리몬드', '#마리몬드라운지', '#뚝섬', '#서울숲', '#성수', '#데이트', '#문희상안', '#문희상안반대', '#문희상안이뭐야', '#미친개같은소리']"
469,2019년 12월 24일,"['#appleiphonexs', '#어린이대공원', '#어린이대공원출사', '#성수', '#성수동', '#성수동카페', '#카페', '#카페출사', '#출사', '#자연', '#식물', '#인물', '#스냅', '#감성', '#디카', '#폰카', '#카메라', '#아이폰', '#풍경', '#갬성', '#가을', '#사진', '#사진그램', '#snap', '#snapshot', '#photography']"
470,2019년 12월 23일,[]
471,2019년 12월 22일,"['#서울', '#성수', '#서울숲', '#부산', '#서면', '#사상', '#창원', '#진해', '#카페', '#카페스타그램', '#카페투어', '#성수카페', '#성수카페추천', '#바나나파운드', '#셀스타그램', '#셀스타', '#인스타그램', '#먹스타그램', '#대학생', '#종강', '#종강후여유', '#선팔', '#선팔맞팔', '#아이폰', '#아이폰8']"
472,2019년 12월 23일,"['#때가이르매', '#뚝섬', '#뚝섬카페', '#뚝섬역카페', '#성수', '#성수카페', '#때가이르매성수', '#카페추천', '#카페투어', '#카페스타그램', '#먹스타그램', '#셀카', '#셀피', '#셀스타그램', '#소통', '#좋아요', '#좋반', '#선팔', '#맞팔', '#선팔맞팔', '#팔로우', '#팔로미', '#selca', '#selfie', '#ootd', '#f4f', '#l4l']"
473,2019년 12월 22일,"['#뺑드에코', '#성수', '#건강한빵', '#바게트성지', '#100', '#100', '#김영철의동네한바퀴', '#장인의손맛', '#천연발효빵', '#빵순례', '#베이커리인스타그램', '#주말인스타그램']"
474,2019년 12월 22일,[]
475,2019년 12월 23일,[]
476,2019년 12월 22일,[]
477,2019년 12월 23일,"['#성수', '#성수맛집', '#텐동', '#수플레팬케이크', '#아인슈페너', '#친구와함께', '#맛집탐방']"
478,2019년 12월 22일,"['#팩피', '#미슐랭', '#성수', '#미리크리스마스']"
479,2019년 12월 23일,[]
480,2019년 12월 24일,"['#내가더신남', '#동두천', '#치킨캠프', '#고3', '#멘토링', '#메리크리스마스', '#크리스마스', '#christmas', '#merrychristmas', '#mentoring', '#성수', '#고딩', '#직딩']"
481,2019년 12월 23일,"['#성수', '#성수맛집', '#성수카페', '#카페', '#백야드빌더', '#백야드빌더성수', '#성수동', '#성수동카페', '#성수동맛집', '#성수', '#backyardbuilder', '#backyardbuilder', '#cafe']"
482,2019년 12월 23일,[]
483,2019년 12월 22일,"['#카페거리', '#맞팔', '#좋아요', '#맞팔댓글', '#이태원', '#청담', '#강남', '#해방촌', '#경리단길', '#송리단길', '#망리단길', '#망원', '#연남동', '#연희동', '#한남동', '#연트럴파크', '#역삼', '#성수', '#가로수길', '#신사', '#샤로수길', '#홍대', '#서촌', '#북촌', '#광화문', '#압구정', '#논현', '#잠실맛집']"
484,2019년 12월 23일,[]
485,2019년 12월 24일,"['#성수동맛집', '#성수', '#소문난감자탕', '#감자탕맛집', '#감자탕', '#뚝섬맛집', '#뚝섬', '#서울숲맛집', '#감자탕집', '#jmt']"
486,2019년 12월 23일,"['#성수', '#블루보틀성수']"
487,2019년 12월 23일,['#꼬르동']
488,2019년 12월 22일,['#뷰티크리에이터']
489,2019년 12월 22일,"['#성수', '#카페', '#연말', '#크리스마스', '#일상', '#데일리', '#daily', '#dailylook', '#ootd', '#style', '#겨울코디', '#데일리코디', '#selfie', '#selstagram', '#f4f', '#follow', '#루미스파']"
490,2019년 12월 23일,[]
491,2019년 12월 23일,"['#성수', '#아모레성수', '#계단', '#korea', '#seoul', '#architecture']"
492,2019년 12월 23일,"['#널위한문화예술', '#애프터뮤지엄', '#널위문', '#뮤지엄오브컬러', '#museumofcolor', '#에스팩토리', '#sfactory', '#성수동', '#성수', '#전시', '#전시후기', '#서울전시', '#성수동전시', '#color', '#색', '#팬톤', '#pantone', '#종로', '#종로3가', '#안국', '#익선동', '#art', '#artwork', '#exhibition']"
493,2019년 12월 24일,"['#성수동', '#성수동맛집', '#성수동카페', '#성수동핫플레이스', '#성수동카페거리', '#성수동핫플', '#성수', '#성수맛집', '#성수카페', '#맛집', '#카페', '#디저트', '#디저트카페', '#디저트맛집', '#크리스마스', '#크리스마스이브', '#묘사서울']"
494,2019년 12월 23일,"['#일상', '#셀스타그램', '#얼스타그램', '#소통', '#친스타그램', '#성수', '#맞팔', '#팔로우', '#연말', '#셀카', '#selfie', '#daily', '#ootd', '#fff', '#f4f', '#instagood', '#instadaily']"
495,2019년 12월 22일,['#후식당']
496,2019년 12월 23일,"['#성인취미미술', '#직장인취미미술', '#성수취미미술', '#성수동취미미술', '#선팔하면맞팔', '#선팔맞팔', '#좋아요반사', '#성수핫플', '#성수동성인미술', '#성수카페거리', '#성수', '#선팔', '#맞팔', '#좋아요', '#셀카', '#셀피', '#소통', '#첫줄', '#좋아요테러', '#반사테러', '#반사', '#이차원작업실', '#팔로우', '#셀카', '#데일리룩', '#그림원데이클래스', '#서울화실', '#성수동그림원데이클래스', '#좋아요반사', '#art', '#artist', '#광진구취미미술']"
497,2019년 12월 22일,"['#블루보틀', '#잠실', '#청담', '#대구', '#전주', '#성수', '#쉽지않은경인러의일주일목적지', '#드디어', '#낼만나가면', '#깔깔', '#데일리', '#주말']"
498,2019년 12월 22일,"['#겨울', '#성수', '#간만에카페', '#뚜벅뚜벅', '#은근추웠다', '#간만에만보', '#훗', '#주말보내기']"
499,2019년 12월 22일,[]
500,2019년 12월 23일,"['#001', '#호호SHOW', '#연말공연', '#뮤지컬쇼', '#공공연', '#공연을함께만드는공동체', '#소모임app', '#뮤지컬공연', '#취미연기', '#혜화', '#연극', '#액팅', '#성수', '#뮤지컬', '#보컬', '#안무', '#클래스', '#레슨', '#개인레슨', '#취미', '#직장인', '#회사원', '#일반인', '#학생', '#배우', '#무대', '#공연', '#꿈', '#버킷리스트']"
501,2019년 12월 23일,[]
502,2019년 12월 24일,"['#맛스타그램', '#먹스타그램', '#술스타그램', '#와인스타그램', '#좋아요', '#크리스마스', '#레드와인', '#화이트와인', '#스파클링', '#daily', '#대림창고', '#샴페인', '#뵈브클리코', '#프랑스', '#데이트', '#수제맥주', '#건대', '#크리스마스이브', '#호호세세', '#뚝섬', '#성수', '#서울숲', '#와인', '#커플', '#데이트', '#성수동', '#블루보틀', '#카페거리', '#데이트맛집']"
503,2019년 12월 22일,"['#오늘', '#요리사', '#성수', '#뚝딱뚝딱']"
504,2019년 12월 23일,"['#서울', '#성수', '#여음', '#블루보틀', '#라떼', '#넬', '#넬콘서트', '#NELL', '#부평', '#오늘와인한잔', '#청년다방', '#떡볶이']"
505,2019년 12월 22일,"['#ㅊa', '#모멘토브루어스', '#성수']"
506,2019년 12월 22일,[]
507,2019년 12월 23일,"['#일상', '#데일리', '#데일리룩', '#오오티디', '#셀피', '#셀카', '#옷스타그램', '#셀스타그램', '#좋아요', '#성수', '#성수카페', '#성수동카페', '#마를리', '#마를리카페', '#성수동마를리', '#카페투어']"
508,2019년 12월 23일,"['#수플레팬케이크', '#딸기']"
509,2019년 12월 22일,"['#성수', '#뮤지엄오브컬러', '#sfactory', '#colors']"
510,2019년 12월 23일,"['#서울', '#강남', '#홍대', '#이태원', '#맞팔', '#한남동', '#팔로우', '#좋아요반사', '#소통', '#선팔', '#셀카', '#셀스타그램', '#셀피', '#일상', '#daily', '#selca', '#22', '#맞팔', '#카페', '#댓글', '#아이폰', '#사진', '#핫플레이스', '#신사', '#합정', '#성수', '#ootd', '#사진스타그램', '#사진작가', '#풍경스타그램', '#건강검진']"
511,2019년 12월 22일,"['#정주야', '#조아요', '#눌러줘', '#서울', '#성수', '#뮤지엄오브컬러', '#전시회']"
512,2019년 12월 22일,"['#성수역', '#성수', '#서울숲', '#성수에스팩토리', '#s팩토리', '#뮤지엄오브컬러', '#뮤지엄오브컬러1']"
513,2019년 12월 24일,"['#카페프롬나즈데떼', '#cafepromenadesdete', '#우리가만난강아지', '#dogswemet', '#크리스마스이브', '#뱅쇼맛집', '#목동현대백화점', '#예쁜카페', '#서울카페', '#카페투어', '#카페추천', '#빵지순례', '#목동맛집', '#성수', '#연남', '#seoulcafe', '#cafetour', '#christmas', '#ootd', '#onthetable', '#instaseoul', '#seoulcafe', '#lifewithdogs']"
514,2019년 12월 22일,"['#trvr', '#이태원카페', '#경리단길카페', '#레트로카페']"
515,2019년 12월 23일,"['#마를리', '#marly', '#흑임자', '#흑임자슈페너', '#성수', '#성수카페']"
516,2019년 12월 23일,"['#팬톤', '#성수', '#와인']"
517,2019년 12월 24일,['#greytcoffee']
518,2019년 12월 23일,"['#나나맛통', '#성수맛집', '#성수동맛집', '#성수역맛집', '#성수', '#성수역', '#뚝섬맛집', '#뚝섬', '#뚝섬유원지', '#뚝섬역맛집', '#한식맛집', '#분위기좋은레스토랑', '#분위기좋은맛집', '#맛집추천', '#서울맛집', '#일상', '#데일리', '#소통', '#맞팔', '#선팔하면맞팔', '#팔로워늘리기', '#저녁메뉴', '#좋아요', '#점심', '#엑소', '#먹스타', '#먹스타그램', '#먹방', '#먹방로드', '#먹방스타그램']"
519,2019년 12월 23일,"['#일상', '#먹스타그램', '#서울', '#성수', '#전주전집', '#땅콩막걸리', '#제주도', '#인척', '#모듬전']"
520,2019년 12월 24일,"['#성수', '#건대', '#뚝섬', '#서울숲', '#왕십리', '#강변역', '#강남', '#홍대', '#동대문', '#동서울', '#선릉', '#삼성역', '#주말', '#부천', '#낙성대', '#서울대입구', '#패션', '#영화', '#겨울왕국', '#겨울왕국2', '#크리스마스', '#크리스마스선물', '#크리스마스이브']"
521,2019년 12월 23일,"['#이제는', '#겨울']"
522,2019년 12월 24일,"['#블루보틀', '#성수', '#아메리카노', '#데이트']"
523,2019년 12월 22일,"['#photography', '#travelphoto', '#travelling', '#traveller', '#picture', '#landscape', '#daily', '#travelgram', '#exhibition', '#architecture', '#architect', '#archistudent', '#architecture', '#architecturelovers', '#next', '#superarchitects', '#archihub', '#archidaily', '#풍경', '#풍경사진', '#사진', '#여행', '#일상', '#여행스타그램', '#건축', '#건축학도', '#성수동', '#성수', '#에스팩토리', '#뮤지엄오브컬러']"
524,2019년 12월 24일,"['#더블랙', '#성수동더블랙', '#더블랙더치커피', '#성수동더치커피', '#더치원액', '#뚝섬', '#서울숲', '#성수동커피', '#뚝섬역', '#성수', '#성수동', '#서울숲역']"
525,2019년 12월 23일,"['#데이트', '#성수', '#사당', '#미리크리스마스', '#고마워']"
526,2019년 12월 22일,[]
527,2019년 12월 23일,"['#경주식당', '#성수', '#합정', '#맛집', '#와인각이었지만', '#한정판매', '#크리스마스', '#해피연말', '#맛집공유']"
528,2019년 12월 22일,"['#photography', '#travelphoto', '#travelling', '#traveller', '#picture', '#landscape', '#daily', '#travelgram', '#exhibition', '#architecture', '#architect', '#archistudent', '#architecture', '#architecturelovers', '#next', '#superarchitects', '#archihub', '#archidaily', '#풍경', '#풍경사진', '#사진', '#여행', '#일상', '#여행스타그램', '#건축', '#건축학도', '#성수동', '#성수', '#에스팩토리', '#뮤지엄오브컬러']"
529,2019년 12월 23일,"['#생화트리', '#개업선물', '#일상을특별하게', '#세렌디티크']"
530,2019년 12월 24일,"['#성수', '#에스팩토리', '#컬러오브뮤지엄', '#전시회']"
531,2019년 12월 23일,"['#타이거풀', '#성수맛집', '#성수', '#스테이크맛집', '#고기최고', '#피자언제나와', '#다먹고', '#디저트로', '#피자등장', '#기다리다', '#그냥갈뻔']"
532,2019년 12월 23일,[]
533,2019년 12월 24일,"['#성수', '#줄서서기다려야하는', '#카린지', '#가츠카레괜츈']"
534,2019년 12월 23일,"['#성수', '#아모레성수', '#어니언', '#소바식당', '#대림창고', '#성수연방', '#루미스파', '#뷰티크리에이터']"
535,2019년 12월 22일,"['#모닥불', '#마쉬멜로우', '#marshmello', '#party', '#성수', '#뿐또블루', '#saturdaynight', '#selfie', '#selca', '#daily', '#ootd', '#오오티디', '#데일리', '#파티룩']"
536,2019년 12월 22일,"['#성수', '#잭슨카멜레온']"
537,2019년 12월 23일,"['#성수', '#뚝섬', '#때가이르매']"
538,2019년 12월 22일,"['#성수', '#일산', '#호호식당', '#카페코튼', '#우정스타그램', '#친스타그램']"
539,2019년 12월 22일,[]
540,2019년 12월 22일,['#오늘도온화하게']
541,2019년 12월 22일,"['#뮤지엄오브컬러', '#성수', '#성수동', '#전시회', '#끝나고', '#카페']"
542,2019년 12월 23일,"['#성수동맛집', '#일상', '#소통', '#맞팔', '#얼스타그램', '#셀스타그램', '#친구', '#친스타그램', '#맛집', '#성수', '#성수다락', '#파스타', '#오므라이스', '#목살스테이크', '#트러플감자튀김', '#selfie', '#daily']"
543,2019년 12월 23일,[]
544,2019년 12월 23일,"['#LAZYSUNDAY', '#knit', '#life', '#studio', '#레이지선데이', '#레이지선데이스튜디오', '#성수', '#뚝섬', '#서울숲', '#클래스', '#니트클래스', '#겨울', '#겨울니트', '#선물']"
545,2019년 12월 22일,"['#instagood', '#instadaily', '#instagram', '#cafe', '#coffee', '#cookies', '#earlgrey', '#chocolate', '#moodlab', '#성수카페', '#성수동카페', '#성수', '#뚝섬카페', '#뚝섬', '#서울숲카페', '#쿠키', '#무드랩']"
546,2019년 12월 23일,"['#카페', '#서울숲', '#성수', '#푸르너스가든', '#겨울', '#커피']"
547,2019년 12월 23일,[]
548,2019년 12월 22일,"['#백예린', '#브리즈웨이', '#크리스마스', '#콘서트', '#예린', '#yerinbaek', '#성수', '#블루바이닐', '#bluevinyl', '#브리즈웨이크리스마스에디션', '#yerin', '#concert', '#christmas', '#breezeway', '#yerinbaek', '#sungsu', '#공연', '#performance', '#square', '#뮤지션', '#music', '#musician', '#라이카', '#leica', '#직찍', '#무보정']"
549,2019년 12월 22일,"['#성수동', '#성수핫플', '#핫플레이스', '#핫플투어', '#뮤지엄오브컬러', '#전시회', '#전시회추천', '#데이트', '#데이트코스', '#건대', '#성수', '#셀스타그램', '#selfie', '#instagood', '#instagram', '#instadaily', '#일상', '#유튜브', '#유튜버', '#유튜버꿈나무', '#두명']"
550,2019년 12월 23일,"['#순금', '#선팔', '#맞팔', '#반사', '#좋반', '#좋아요', '#선팔맞팔', '#인친', '#좋아요반사', '#소통', '#팔로우', '#한강', '#데일리', '#데일리룩', '#셀피', '#맛집', '#먹스타그램', '#헬스타그램', '#seoul', '#koreastyle', '#kpop', '#홍대', '#이태원', '#성수', '#바이크스타그램', '#라이더', '#반스뮬']"
551,2019년 12월 24일,"['#셀카', '#셀스타그램', '#맞팔', '#선팔', '#일상', '#데일리', '#성수', '#카페', '#디엠', '#인친', '#fashion', '#ootd', '#like', '#photo', '#dm', '#iphone11pro', '#daily', '#follow', '#fff', '#l4l', '#insta']"
552,2019년 12월 23일,"['#맞팔', '#선팔', '#팔로우', '#오오티디', '#코디', '#피팅모델', '#직장인', '#출근룩', '#불금', '#성수', '#건대입구', '#뚝섬', '#데일리', '#촬영', '#지망생', '#사당', '#97', '#likeforlikes', '#f4f', '#selfie', '#ootd', '#다이어트', '#운동']"
553,2019년 12월 24일,"['#샌드위치', '#포카치아샌드위치', '#졸맛탱', '#jmt', '#먹스타그램', '#일상스타그램', '#브런치', '#카페스타그램', '#성수맛집', '#성수', '#아비뚜에', '#선팔하면맞팔', '#소통', '#좋아요반사', '#fff', '#lfl', '#sandwich', '#아침', '#직장인스타그램']"
554,2019년 12월 22일,[]
555,2019년 12월 22일,"['#restaurant', '#italianfood', '#interior', '#mood', '#christmasdecor', '#flowers', '#italychacha', '#arrangementflower', '#성수', '#이태리차차', '#성수동맛집']"
556,2019년 12월 23일,"['#뷰티크리에이터', '#뷰티모델']"
557,2019년 12월 23일,"['#잠실무지개원룸텔', '#홍대', '#이태원', '#명동', '#노량진', '#강남', '#삼성동', '#종로', '#합정', '#신촌', '#건대', '#왕십리', '#압구정', '#사당', '#서울대입구', '#구로디지털', '#천호', '#강동', '#논현', '#신림', '#성수', '#혜화', '#마포', '#여의도', '#성남', '#하남', '#석촌', '#군자역맛집']"
558,2019년 12월 22일,[]
559,2019년 12월 23일,"['#클라이밍', '#훅클라이밍', '#성수', '#즐거움', '#운동', '#볼더링']"
560,2019년 12월 23일,"['#푸른바다의전설', '#오징어볶음']"
561,2019년 12월 23일,"['#느낌있지', '#성수', '#와인문화공간', '#뚝섬역', '#블루보틀']"
562,2019년 12월 23일,"['#성수', '#인계동', '#옥길', '#고창군', '#죽림', '#망우', '#우동', '#부개동', '#예천군', '#모종']"
563,2019년 12월 22일,"['#주말', '#연말', '#dinner', '#아침고요수목원', '#직장인', '#회사원', '#셀카', '#성수', '#왕십리', '#selfie', '#trend', '#rain', '#design', '#데일리룩', '#dailylook', '#hair', '#daily', '#beauty', '#fashion', '#style', '#스타일', '#ootd', '#맞팔', '#데일리', '#일상', '#likeforfollow', '#좋아요']"
564,2019년 12월 24일,"['#2019', '#송년회', '#경희대', '#브랜드mba', '#성수', '#송년회장소', '#오두막스튜디오', '#분위기', '#좋은곳']"
565,2019년 12월 22일,"['#데일리', '#데일리룩', '#일상', '#ootd', '#오오티디', '#패션', '#아웃핏', '#outfit', '#daily', '#dailylook', '#fashion', '#셀스타그램', '#일산', '#성수', '#역삼', '#문신', '#tattoo', '#카페']"
566,2019년 12월 23일,"['#성수연방', '#천상가옥', '#성수', '#성수동카페', '#예쁜카페', '#도장깨기', '#아이스아메리카노', '#얼그레이스콘', '#맛집', '#일요일', '#휴무', '#안끝났으면', '#데이트', '#일상']"
567,2019년 12월 22일,"['#성수', '#라비옹']"
568,2019년 12월 22일,['#뷰티크리에이터']
569,2019년 12월 24일,"['#화요일', '#하체운동', '#힙운동', '#운동하는여자', '#운동하는남자', '#짐아서', '#운동', '#운동스타그램', '#헬스', '#헬스타그램', '#필라테스', '#몸짱', '#복근', '#식단', '#몸스타그램', '#성수', '#다이어트', '#다이어터', '#다시어트', '#식단']"
570,2019년 12월 23일,[]
571,2019년 12월 15일,"['#HBD', '#왕공주생일', '#추카추카추']"
572,2019년 12월 22일,['#오늘도온화하게']
573,2019년 12월 22일,"['#셀카', '#셀스타그램', '#셀픽', '#먹스타그램', '#냠냠', '#카페', '#카페스타그램', '#한국', '#성수', '#셀카', '#일상', '#좋아요', '#케이크', '#밀크티', '#소소하게', '#l4l', '#korea', '#daily', '#selfie', '#instagood', '#cafe', '#cafestagram', '#milktea']"
574,2019년 12월 23일,[]
575,2019년 12월 22일,"['#성수', '#족발']"
576,2019년 12월 23일,"['#성수카페', '#달고나밀크티', '#달고나스콘', '#달고나푸딩', '#ㅊa', '#성수', '#데이트']"
577,2019년 12월 23일,[]
578,2019년 12월 23일,"['#스튜디오아텍', '#코딩수업', '#코딩', '#코딩수업', '#성수동', '#성수역', '#성동구', '#뚝섬', '#서울숲', '#성수', '#프로그래밍', '#코딩교육', '#미디어아트', '#프로세싱', '#processing', '#mediaart', '#creativecoding', '#레슨', '#과외', '#코딩과외', '#디자이너', '#인터렉티브아트', '#소수정예', '#서울라이트', '#seoullight', '#ddp', '#디디피', '#동대문디자인플라자']"
579,2019년 12월 24일,"['#Repost', '#독서', '#성수', '#북스타그램', '#2020년에도', '#새로운', '#도전', '#새로운', '#경험', '#많이', '#하고싶다']"
580,2019년 12월 22일,"['#홍대', '#뷰티크리에이터', '#뷰티모델']"
581,2019년 12월 23일,[]
582,2019년 12월 23일,"['#서울전시', '#12월전시추천', '#성수동', '#건대입구', '#성수데이트', '#성수카페', '#서울크리스마스', '#크리스마스', '#서울맛집', '#연말데이트', '#서울연말데이트', '#서울데이트', '#사진찍기좋은곳', '#성수핫플', '#뚝섬', '#실내데이트', '#실내나들이', '#일상', '#성수맛집', '#서울숲', '#2020', '#성수', '#미술전시', '#전시회추천', '#서울핫플', '#서울데이트코스', '#스냅사진', '#사진']"
583,2019년 12월 23일,"['#율무', '#박율무', '#바귤무', '#등장', '#애기장난감', '#귀요미', '#개스타그램', '#애견스타그램', '#반려동물', '#강아지', '#애기', '#인증샷', '#말티푸그램', '#말티푸입양', '#아기강아지', '#반려견그램', '#애기강아지', '#강아지', '#좋아요', '#팔로우', '#뚝섬', '#아이폰11프로', '#인덕션', '#뽀송뽀송', '#서울숲카페', '#서울숲', '#연남동', '#연트럴파크', '#성수', '#홍대']"
584,2019년 12월 23일,[]
585,2019년 12월 23일,"['#성수', '#성수동', '#카페', '#cafe성수', '#카페성수', '#성수카페', '#성수동카페', '#서울카페', '#카페추천', '#카페투어', '#큐브라떼', '#cafe', '#coffee']"
586,2019년 12월 23일,['#앞산']
587,2019년 12월 23일,"['#성수', '#Seoul', '#korea', '#cafe', '#카페투어', '#점심', '#점심시간', '#맛집', '#먹방', '#먹방스타그램', '#맛집탐방', '#먹스타그램', '#맛스타그램', '#트립', '#좋아요', '#팔로우환영']"
588,2019년 12월 22일,"['#서울숲', '#성수', '#뮤지엄오브컬러', '#팬톤', '#컬러아이큐테스트', '#만점', '#카페', '#소소하게', '#호호식당']"
589,2019년 12월 22일,"['#서울', '#뚝섬', '#뚝섬맛집', '#서울맛집', '#성수', '#부산', '#창원', '#진해', '#성수다락', '#서울숲', '#성수다락', '#맛집투어', '#먹스타', '#셀스타그램', '#인스타그램', '#맞팔', '#선팔맞팔', '#대학생', '#종강기념', '#소통', '#소통해요', '#좋아요', '#아이폰', '#아이폰8']"
590,2019년 12월 23일,"['#건대', '#수퍼슬라이더스', '#부바검프쉬림프', '#성수', '#대림창고']"
591,2019년 12월 22일,"['#아모레성수', '#성수', '#베케정원', '#정원']"
592,2019년 12월 24일,"['#토라식당', '#토라식당성수점', '#한우스키야키나베', '#흑돼지돈까스', '#스키야키', '#스키야끼', '#스키야키맛집', '#돈까스', '#돈까스맛집', '#성수', '#성수맛집', '#성수동맛집', '#성수핫플', '#성수동핫플레이스', '#맛집', '#맛집투어', '#맛집추천', '#맛집탐방', '#맛집스타그램']"
593,2019년 12월 24일,[]
594,2019년 12월 22일,['#여기오디']
595,2019년 12월 22일,"['#시네마비', '#영화모임', '#영화추천', '#영화관', '#영화명대사', '#성수동', '#소모임', '#성수', '#영화스타그램', '#영화']"
596,2019년 12월 24일,"['#전참시맛집', '#이영자맛집', '#달고나밀크티', '#주말', '#성수', '#cafe']"
597,2019년 12월 23일,"['#womanstyle', '#앞머리펌', '#허쉬컷', '#디자인컷', '#살롱드오밈반희']"
598,2019년 12월 24일,"['#심미안', '#성수동', '#vintage', '#빈티지샵', '#성수동심미안', '#핸드메이드샵', '#편집샵', '#스너퍼', '#양초', '#캔들', '#엔틱', '#엔틱소품', '#싱글라이프', '#성수', '#성수동편집샵', '#simmian']"
599,2019년 12월 22일,"['#데일리', '#데일리룩', '#뷰티', '#셀카', '#셀피', '#셀스타그램', '#얼스타그램', '#selfie', '#selca', '#좋아요', '#좋아요반사', '#일상', '#daily', '#follow', '#선팔', '#맞팔', '#소통', '#인친', '#서울', '#성수', '#강남', '#홍대', '#instagood', '#dailylook', '#ootd', '#blog', '#블로그', '#블로그마켓', '#스토어팜', '#마켓']"
600,2019년 12월 22일,"['#비커즈', '#박성수', '#성수', '#홍대', '#버스킹', '#비커즈콘서트', '#191215']"
601,2019년 12월 22일,"['#일상', '#주말', '#힐링', '#성수', '#성수맛집', '#온량', '#토마호크포크커틀렛', '#봉골레파스타', '#마리몬드', '#블루보틀', '#블루보틀성수']"
602,2019년 12월 22일,"['#내일', '#각자', '#인증해주세요', '#데일리', '#일상', '#셀피', '#성수', '#성수동맛집', '#daily', '#selfie', '#dailylook', '#dailypic', '#뷰티크리에이터', '#뷰티모델']"
603,2019년 12월 23일,[]
604,2019년 12월 22일,"['#tattoo', '#타투', '#낙서타투', '#미니타투', '#일러스트타투', '#칼라타투', '#드로잉타투', '#성수역', '#성수', '#타투도안', '#미니멀타투', '#귀여운타투', '#캐릭터타투', '#크레용타투', '#크레용', '#크레파스', '#우정타투', '#커플타투', '#팔타투', '#팔뚝타투', '#손목타투', '#나무타투', '#레터링타투', '#한글타투']"
605,2019년 12월 22일,"['#겨울', '#스웨터', '#메리크리스마스', '#먹부림에추억', '#성수', '#밀리언아카이브', '#빈티지', '#uglysweater', '#merrychristmas']"
606,2019년 12월 23일,"['#마카롱', '#macaron', '#직장인', '#직장인스타그램', '#평일', '#퇴근', '#패션', '#fashion', '#패션스타그램', '#fashionista', '#ootd', '#스타일', '#style', '#일상', '#daily', '#일상스타그램', '#데일리', '#팔로우', '#follow', '#맞팔', '#f4f', '#좋아요', '#좋반', '#likes', '#셀카', '#selfie', '#셀스타그램', '#성수', '#건대']"
607,2019년 12월 22일,[]
608,2019년 12월 24일,"['#성수', '#뚝섬', '#카페', '#브런치', '#엔드밀', '#샌드위치', '#파니니', '#연어', '#바질', '#블루보틀', '#라떼', '#뉴올리언스', '#건대', '#에어팟', '#인스타그램', '#크리스마스', '#이브']"
609,2019년 12월 22일,"['#성남', '#성수', '#건대', '#모란역', '#볼린이', '#헬린이', '#나는날사랑해', '#시부엉', '#엄마반찬', '#소고기장조림', '#멸치볶음', '#김치볶음', '#홍어무침', '#진미채', '#엄마사랑']"
610,2019년 12월 22일,[]
611,2019년 12월 22일,"['#성수', '#성수연방', '#샤오짠', '#우육면']"
612,2019년 12월 23일,"['#seongsu', '#koreatrip', '#exploringtheglobe', '#mytinyatlas', '#koreatravel', '#seoul', '#widenyourworld', '#todayiamwearing', '#beret', '#outfitposts', '#fashionblogg', '#boina', '#winterwardrobe', '#hatlover', '#fallready', '#readyforfall', '#streetcentral', '#pauseshots', '#complexstyle', '#모자스타그램', '#빈티지룩', '#일상스냅', '#베레모', '#성수동', '#성수', '#코리아', '#성수동핫플레이스', '#서울숲', '#서울구경', '#뚝섬역']"
613,2019년 12월 22일,"['#퍼스', '#퍼스디자인', '#pers', '#persdesignstudio', '#interior', '#interiordesign', '#인테리어', '#인테리어디자인', '#branding', '#브랜딩', '#주거공간인테리어', '#상업공간인테리어', '#사무실인테리어', '#오피스', '#office', '#카페', '#cafe', '#카페인테리어', '#성수', '#쇼룸', '#미닛뮤트', '#minitmute', '#미닛뮤트성수']"
614,2019년 12월 23일,"['#성수', '#뚝섬', '#딸기케이크', '#카페', '#디저트', '#크리스마스', '#힐링']"
615,2019년 12월 22일,"['#성수', '#성수동', '#성수동카페거리', '#성수동카페', '#할아버지공장']"
616,2019년 12월 23일,[]
617,2019년 12월 23일,"['#summer', '#in', '#december', '#성수', '#카페']"
618,2019년 12월 22일,"['#폴더크루', '#폴더', '#뉴발란스', '#뉴발란스703', '#newbalance', '#newbalance703', '#폴더동성로', '#폴더동성로2호점', '#likeforlikes', '#likeforfollow', '#streetstyle', '#highsnobiety', '#fuckyourhype', '#ootd', '#hypebeast', '#like4likes', '#picture', '#dailylook', '#outfit', '#streetwearfashion', '#서면', '#홍대', '#합정', '#성수', '#데일리룩', '#데일리', '#폴더세일', '#슈퍼폴더', '#슈퍼세일']"
619,2019년 12월 22일,"['#행복스타그램', '#결혼식', '#하객', '#현승이형', '#잘살아', '#너무', '#축하해', '#사랑해', '#서울', '#성수', '#카페거리', '#데일리', '#일상', '#좋아요', '#소통']"
620,2019년 12월 23일,"['#돼지야', '#나왔어', '#맛있었다', '#고마워미안해', '#성시경', '#성식영', '#성시경맛집', '#성수', '#소문난감자탕']"
621,2019년 12월 24일,"['#출근', '#회사', '#직장인', '#회사원', '#셀카', '#성수', '#왕십리', '#스타일', '#맞팔', '#데일리', '#일상', '#좋아요']"
622,2019년 12월 24일,"['#성수', '#JUSTTRY', '#성수동']"
623,2019년 12월 23일,[]
624,2019년 12월 23일,[]
625,2019년 3월 4일,"['#탈출하고싶다더니', '#뒷풀이', '#커피', '#데일리', '#데일리그램', '#일상', '#소통', '#paradox', '#잘배우자', '#성수', '#성수카페', '#성수나들이', '#hello2019']"
626,2019년 12월 23일,"['#뚝섬', '#뚝섬카페', '#뚝섬역카페', '#성수', '#성수카페', '#때가이르매', '#때가이르매성수', '#카페추천', '#카페투어', '#카페스타그램', '#먹스타그램', '#셀카', '#셀피', '#셀스타그램', '#소통', '#좋아요', '#좋반', '#선팔', '#맞팔', '#선팔맞팔', '#팔로우', '#팔로미', '#selca', '#selfie', '#ootd', '#f4f', '#l4l']"
627,2019년 12월 23일,"['#포항카페', '#효자카페', '#경성코페']"
628,2019년 12월 23일,"['#성수', '#서울숲', '#대림창고']"
629,2019년 12월 23일,"['#배달의민족', '#일상', '#소통', '#인싸', '#핫플', '#인친', '#맞팔', '#선팔', '#디저트', '#케이크', '#에그타르트', '#마카롱', '#다쿠아즈', '#과천마카롱', '#과천카페', '#과천다쿠아즈', '#과천디저트', '#안양', '#범계', '#산본', '#수원', '#성수', '#방배', '#줌카롱', '#마카롱클래스', '#jmt', '#크리스마스', '#크리스마스케이크']"
630,2019년 12월 22일,"['#성시경', '#성식당', '#성수']"
631,2019년 12월 23일,"['#전시회', '#뮤지엄오브컬러', '#전시회추천', '#셀피', '#셀카', '#인물사진', '#일반인모델', '#museumofcolor', '#뮤지엄오브컬러전시회', '#사진', '#전시', '#사진스타그램', '#셀카스타그램', '#selfie', '#전시', '#성수', '#성수역전시', '#성수전시']"
632,2019년 12월 24일,"['#성수', '#JUSTTRY', '#성수동']"
633,2019년 12월 22일,"['#tattoo', '#tattoos', '#tattooart', '#art', '#black', '#blackwork', '#blackandgrey', '#koreatattoo', '#ink', '#blxck', '#skull', '#skulltattoo', '#swordtattoo', '#건대타투', '#성수타투', '#건대', '#성수', '#블랙워크', '#종아리타투', '#정강이타투', '#남자타투', '#해골타투']"
634,2019년 12월 24일,"['#빌런', '#VILLAIN', '#성수동', '#건대', '#한양대', '#왕십리', '#서울숲', '#성수동술집', '#성수동와인', '#성수동칵테일', '#성수동위스키', '#서울숲술집', '#서울숲맛집', '#뚝섬유원지', '#성수동핫플', '#성수동핫플레이스', '#성수동칵테일', '#성수동데이트', '#서울숲데이트', '#데일리', '#뚝섬술집', '#위스키', '#성수동바', '#성수동맥주', '#성수동맛집', '#와인바', '#성수술집', '#칵테일바', '#성수', '#성수동빌런']"
635,2019년 12월 22일,"['#성수', '#건대', '#나들이', '#마라탕맛집']"
636,2019년 12월 23일,"['#20191223', '#짚신', '#계세요', '#노래부르는데취소누르기', '#성수', '#소바식당', '#아르무아']"
637,2019년 12월 22일,"['#성수', '#fleamarket']"
638,2019년 12월 23일,[]
639,2019년 12월 23일,"['#울코트', '#싱글코트', '#성수', '#쇼룸']"
640,2019년 12월 23일,"['#월요일', '#출근', '#회사', '#goodmorning', '#직장인', '#회사원', '#셀카', '#성수', '#왕십리', '#selfie', '#trend', '#rain', '#design', '#데일리룩', '#dailylook', '#hair', '#daily', '#beauty', '#fashion', '#style', '#스타일', '#ootd', '#맞팔', '#데일리', '#일상', '#likeforfollow', '#좋아요']"
641,2019년 12월 22일,"['#스타필드코엑스몰', '#별마당도서관', '#합정', '#성수', '#perception', '#서울좋아', '#공주싫어']"
642,2019년 12월 23일,"['#현풍', '#권선동', '#성사동', '#성수', '#응봉동', '#신부', '#강원도', '#하계동', '#남영역', '#대원', '#보안', '#내손']"
643,2019년 12월 22일,[]
644,2019년 12월 24일,"['#건대', '#미어캣족장']"
645,2019년 12월 23일,"['#단김단상', '#단김백선', '#dan', '#TBD', '#성수동', '#와인바', '#내추럴와인', '#깜파뉴', '#즘트', '#tbdkr', '#naturalwine', '#seoulbar']"
646,2019년 12월 22일,"['#성수', '#이월로스터스']"
647,2019년 12월 24일,"['#신관동', '#대봉', '#영천', '#양지', '#봉황동', '#포동', '#합동', '#한림', '#성수', '#태안']"
648,2019년 12월 23일,[]
649,2019년 12월 22일,"['#성수역카페', '#성수동카페', '#커피', '#로스터리', '#디저트', '#커피맛집', '#일상', '#데이트', '#성수', '#아모레성수', '#에스팩토리', '#매니페스트커피', '#주차가능카페']"
650,2019년 12월 23일,"['#셀카', '#셀피', '#셀스타그램', '#데일리', '#일상', '#얼스타', '#오오티디', '#맞팔', '#선팔', '#옷스타그램', '#selca', '#selfie', '#daily', '#4f4', '#l4l', '#ootd', '#dailylook', '#outfit', '#소통', '#팔로우', '#좋아요', '#coffee', '#cafe', '#에롤파', '#성수']"
651,2019년 12월 24일,"['#쑥라떼', '#비트라떼', '#모나카', '#앙큐브', '#서울', '#성수', '#성수카페', '#묘사서울', '#daily']"
652,2019년 12월 22일,[]
653,2019년 12월 23일,"['#셀스타그램', '#얼스타그램', '#얼굴사진', '#99', '#98', '#97', '#000', '#데일리', '#팔로우', '#daily', '#다이렉트', '#follow4follow', '#l4l', '#f4f', '#선팔', '#맞팔', '#댓글', '#소통', '#인친', '#일상', '#좋아요반사', '#셀피', '#좋반', '#거울샷', '#ootd', '#홍대', '#성수', '#합정', '#전시회', '#전시회스타그램']"
654,2019년 12월 24일,"['#황동', '#작업', '#외주', '#성수', '#뚝섬', '#작업실', '#코뮌107', '#금속', '#작품', '#오브제', '#제작', '#디자인', '#서울숲', '#가구', '#금속가구', '#metalwork', '#artwork', '#artfurniture', '#object', '#metalobject', '#sheetmetalwork', '#weld', '#welding']"
655,2019년 12월 22일,['#오늘도온화하게']
656,2019년 12월 23일,"['#성수', '#뚝섬역', '#카모플라쥬커피', '#블루보틀', '#뒷편', '#새로운', '#로스터리', '#카페', '#CMFLG', '#roasterycafe']"
657,2019년 12월 23일,"['#뷰티크리에이터', '#뷰티모델']"
658,2019년 12월 23일,"['#성수', '#코시나', '#먹스타그램', '#먹방', '#맛집', '#스테이크덮밥', '#돈까스']"
659,2019년 12월 23일,[]
660,2019년 12월 24일,[]
661,2019년 12월 23일,"['#드라이브', '#성수', '#성수다락', '#성수온화', '#카페투어', '#친구랑', '#연말', '#일요일', '#낼출근슬프다', '#두부사진언제봐도행복아푸지마내천사', '#성수동맛집', '#수플레팬케이크', '#맛집', '#일요일끝', '#28살얼마안남았네']"
662,2019년 12월 23일,[]
663,2019년 12월 24일,"['#이태리차차', '#j2019nk012', '#성수']"
664,2019년 12월 23일,"['#살라바사나', '#관계', '#샤샤샤', '#다음에또물어보시겠지', '#살라바사나', '#제주', '#jeju', '#애월', '#애월브릭하우스', '#직장인', '#요가강사', '#yogainstructor', '#잠실요가', '#요가안', '#서울숲', '#서울숲요가', '#뚝섬역', '#뚝섬역요가', '#성수', '#성수동요가', '#운동녀', '#운동하는여자', '#요가하는여자', '#yoga', '#하타요가', '#hathayoga', '#짐패션']"
665,2019년 12월 22일,"['#귀욤', '#러블리', '#다해라', '#헤딩딩', '#오늘말고어제', '#성수', '#친스타그램', '#셀스타그램']"
666,2019년 12월 22일,"['#오빠랑', '#주말데이트', '#추억의장소', '#합정', '#성수']"
667,2019년 12월 24일,"['#배달의민족', '#일상', '#소통', '#인싸', '#핫플', '#인친', '#맞팔', '#선팔', '#디저트', '#케이크', '#에그타르트', '#마카롱', '#다쿠아즈', '#과천마카롱', '#과천카페', '#과천다쿠아즈', '#과천디저트', '#안양', '#범계', '#산본', '#수원', '#성수', '#방배', '#줌카롱', '#마카롱클래스', '#jmt', '#크리스마스', '#크리스마스케이크']"
668,2019년 12월 23일,"['#마를리', '#marly', '#성수', '#성수카페']"
669,2019년 12월 23일,"['#daily', '#데일리', '#에어팟케이스', '#에어팟가죽케이스', '#키링', '#에어팟키링', '#주문제작', '#각인', '#커플', '#가죽', '#에어팟', '#아이폰', '#럽스타그램', '#남자친구', '#여자친구', '#선물', '#맛집', '#후기', '#건대', '#성수', '#oodt', '#instagood', '#일상', '#소통', '#팔로우', '#맞팔', '#선팔', '#좋아요']"
670,2019년 12월 24일,[]
671,2019년 12월 23일,['#성수']
672,2019년 12월 23일,"['#일상', '#데일리', '#서울', '#이태원', '#홍대', '#강남', '#성수', '#종로', '#부산', '#서면', '#광안리', '#해운대', '#daily', '#ootd', '#iphone', '#아이폰', '#맞팔', '#f4f', '#follow', '#팔로우', '#인스타그램', '#전신샷', '#셀카', '#selfie', '#행복', '#종로', '#연말', '#파티', '#새벽', '#감성']"
673,2019년 12월 23일,"['#첫줄반사', '#댓글반사', '#댓글소통', '#선팔', '#맞팔', '#반사', '#좋반', '#좋아요', '#선팔맞팔', '#인친', '#좋아요반사', '#소통', '#팔로우', '#한강', '#데일리', '#데일리룩', '#셀피', '#맛집', '#먹스타그램', '#헬스타그램', '#seoul', '#koreastyle', '#kpop', '#홍대', '#이태원', '#성수', '#바이크스타그램', '#라이더', '#반스']"
674,2019년 12월 22일,[]
675,2019년 12월 24일,[]
676,2019년 12월 24일,[]
677,2019년 12월 23일,"['#심미안', '#성수동', '#vintage', '#빈티지샵', '#성수동심미안', '#핸드메이드샵', '#편집샵', '#스너퍼', '#양초', '#캔들', '#엔틱', '#엔틱소품', '#싱글라이프', '#성수', '#성수동편집샵', '#simmian']"
678,2019년 12월 22일,"['#퍼스', '#퍼스디자인', '#pers', '#persdesignstudio', '#interior', '#interiordesign', '#인테리어', '#인테리어디자인', '#branding', '#브랜딩', '#주거공간인테리어', '#상업공간인테리어', '#사무실인테리어', '#오피스', '#office', '#카페', '#cafe', '#카페인테리어', '#성수', '#쇼룸', '#미닛뮤트', '#minitmute', '#미닛뮤트성수']"
679,2019년 12월 22일,"['#일상', '#맛집', '#먹스타그램', '#먹부림', '#서울', '#성수', '#타이거풀', '#food', '#seoul', '#좋아요반사', '#좋반']"
680,2019년 12월 22일,[]
681,2019년 12월 24일,"['#jb6', '#성수', '#성수동맛집', '#리리프로젝트', '#리리프로젝트물룰라', '#주말', '#모임', '#송년회', '#데일리', '#와인스타그램', '#쓸있선']"
682,2019년 12월 23일,"['#하루앤원데이', '#카페', '#커피', '#서울카페', '#성수', '#Seoul', '#Cafe', '#HaruandOneday', '#ELF', '#YOLO', '#Life', '#LOVE', '#StacyinKorea', '#MerryXmas', '#매리크리스마스', '#오빠']"
683,2019년 12월 23일,[]
684,2019년 12월 22일,"['#성수', '#성수동맛집', '#성수동술집', '#와인바', '#쓰리오브어스', '#매년오는', '#송년회', '#장소', '#연말', '#일상']"
685,2019년 12월 24일,"['#성수', '#회사', '#점심', '#피자', '#헤이피자', '#고구마피자', '#하와이안피자', '#페페로니피자']"
686,2019년 12월 22일,"['#성수미술관', '#성수', '#드로잉카페', '#페인팅', '#취미생활', '#문화생활', '#힐링', '#일상', '#소통', '#셀카', '#seongsu', '#seongsucafe', '#drawing', '#daily', '#painting', '#hobby', '#healthylifestyle', '#selfie', '#fff', '#f4f', '#l4l']"
687,2019년 12월 22일,"['#백두산', '#영화', '#주말', '#메가박스', '#성수', '#서울숲']"
688,2019년 12월 22일,"['#성수', '#성수동', '#친스타그램', '#일요일', '#주말', '#일상', '#테라에빠진요즘', '#힐링']"
689,2019년 12월 22일,[]
690,2019년 12월 22일,"['#1912', '#주말', '#일요일', '#오후', '#커피', '#드립커피', '#무화과호두스콘', '#블루보틀', '#성수', '#뚝섬', '#bluebottle', '#bluebottlecoffee', '#coffeetime', '#dripcoffee', '#scone', '#굿타이밍', '#서서먹을뻔']"
691,2019년 12월 22일,"['#museumofcolors', '#daily', '#dailylook', '#ootd', '#dailyfashion', '#wiwt', '#outfit', '#hypebeast', '#outfits', '#fashion', '#seoul', '#style', '#songpa', '#nikepeaceminusone', '#peaceminusone', '#art', '#photography', '#mensstyle', '#chanel', '#데일리룩', '#오오티디', '#송파', '#서울', '#압구정', '#신사', '#이태원', '#청담', '#성수', '#뮤지엄오브컬러']"
692,2019년 12월 23일,[]
693,2019년 12월 23일,"['#컬러오브뮤지엄', '#성수']"
694,2019년 12월 23일,"['#성수', '#마를리']"
695,2019년 12월 24일,"['#셀카', '#셀스타그램', '#맞팔', '#선팔', '#일상', '#데일리', '#성수', '#카페', '#디엠', '#인친', '#fashion', '#ootd', '#like', '#photo', '#iphone11pro', '#daily', '#follow', '#fff', '#l4l', '#insta']"
696,2019년 12월 22일,"['#성수', '#성수전시회', '#뮤지엄오브컬러']"
697,2019년 12월 22일,"['#퍼스', '#퍼스디자인', '#pers', '#persdesignstudio', '#interior', '#interiordesign', '#인테리어', '#인테리어디자인', '#공간디자인스튜디오', '#branding', '#브랜딩', '#project', '#성수', '#쇼룸', '#미닛뮤트', '#미닛뮤트성수']"
698,2019년 12월 23일,"['#전시회', '#뮤지엄오브컬러', '#전시회추천', '#셀피', '#셀카', '#인물사진', '#일반인모델', '#museumofcolor', '#뮤지엄오브컬러전시회', '#사진', '#전시', '#사진스타그램', '#셀카스타그램', '#selfie', '#전시', '#성수', '#성수역전시', '#성수전시']"
699,2019년 12월 24일,['#성수명당']
700,2019년 12월 24일,"['#팔로우', '#팔로우를', '#팔로우']"
701,2019년 12월 23일,"['#데일리', '#데일리룩', '#데일리코디', '#셀스타그램', '#얼스타그램', '#셀피', '#ootd', '#daily', '#dailylook', '#일상', '#카페', '#카페맛집', '#안양', '#시흥', '#광명', '#논현', '#압구정', '#성수', '#신림', '#반포', '#연남동', '#신도림', '#왕십리', '#인계동', '#대전', '#서면', '#당산', '#부평', '#구월동', '#의정부']"
702,2019년 12월 23일,"['#블루보틀', '#가을', '#커피', '#성수', '#coffe', '#bluebottle', '#갠적으로비추']"
703,2019년 12월 22일,"['#보일러룸', '#보일러룸서울', '#boilerroom', '#boilerroomseoul', '#성수', '#건대', '#일상']"
704,2019년 12월 23일,"['#성수', '#Seoul', '#korea', '#cafe', '#카페투어', '#점심', '#점심시간', '#맛집', '#먹방', '#먹방스타그램', '#맛집탐방', '#먹스타그램', '#맛스타그램', '#트립', '#좋아요', '#팔로우환영']"
705,2019년 12월 22일,"['#seoul', '#seongsu', '#subwaystation', '#platform', '#floor', '#rooftruss', '#lateafternoon', '#서울', '#성동구', '#성수', '#성수역', '#플랫폼', '#늦은오후', '#할랑할랑']"
706,2019년 12월 22일,"['#샤', '#생축', '#생일기념', '#전시', '#파티', '#성수', '#호텔아띠']"
707,2019년 12월 22일,"['#포장마차', '#우동', '#한그릇']"
708,2019년 12월 22일,"['#연어덥밥', '#참치회덥밥', '#안경잡이', '#안경스타그램', '#퇴근셀카', '#기분이', '#좋아졌다', '#집에가면', '#맛난거먹기', '#러비더비', '#컬러팝', '#헤어트리트먼트', '#컬러트리트먼트', '#셀프염색', '#로즈마카롱', '#로즈쿼츠', '#애쉬블루', '#러시안블루', '#천챔미', '#94년생', '#24살', '#은팡이', '#기분전환', '#회현', '#마뫼', '#까페', '#우리언니라고하면', '#누가', '#헷갈리까봐', '#성수']"
709,2019년 12월 22일,"['#월간정없모', '#성수', '#성수다락', '#카페포제', '#띵굴마켓', '#성수맛집', '#카페스타그램', '#성수카페', '#먹스타그램', '#성수연방']"
710,2019년 12월 23일,"['#겨울방학', '#hipster', '#어니언카페', '#성수', '#사재기', '#성욱', '#귀한선물', '#선한영향력', '#유니베라3세', '#송도왕자', '#한양나들이', '#아들스타그램']"
711,2019년 12월 22일,"['#보일러룸', '#boilerroom', '#boiler', '#보일러', '#성수에스팩토리', '#성수역', '#성수sfactory', '#성수s팩토리', '#성수', '#성수동']"
712,2019년 12월 24일,"['#애드미네일', '#겨울', '#겨울네일', '#winternail', '#웨딩네일', '#누드네일', '#시럽네일', '#깔끔한네일', '#하트네일', '#자개네일', '#시럽그라데이션', '#스와로브스키네일', '#프렌치네일', '#건대', '#건대네일', '#건대네일샵', '#네일', '#젤네일', '#네일아트', '#젤네일아트', '#건대', '#구의네일', '#구의', '#성수', '#성수네일', '#패디젤', '#패디아트', '#젤패디']"
713,2019년 12월 22일,"['#성수', '#명당']"
714,2019년 12월 22일,"['#데일리룩', '#남자패션', '#오오티디', '#전신샷', '#서울', '#강남', '#청담', '#성수', '#연말파티']"
715,2019년 12월 24일,[]
716,2019년 12월 22일,[]
717,2019년 12월 22일,"['#일요일', '#저녁', '#경동식당', '#스테이크', '#쌍둥이', '#한우', '#엄마', '#아빠', '#여기도', '#만만치않네', '#방학', '#좋겠다', '#서울숲', '#뚝섬', '#성수', '#성수동', '#뚝섬역', '#맛집', '#음식', '#쌍둥이', '#일상스타그램', '#음식스타그램', '#먹스타그램']"
718,2019년 12월 23일,"['#농곡', '#풍산', '#백마', '#곡산', '#화정', '#삼송', '#지축', '#구파발', '#연신내', '#독바위', '#녹번', '#반포', '#신논현', '#서울숲', '#약수', '#신금호', '#한양대', '#뚝섬', '#성수', '#답십리', '#마장', '#신탑', '#회기', '#상봉', '#신설동', '#안암', '#수유', '#도봉산', '#의정부', '#종각']"
719,2019년 12월 22일,"['#샤', '#생축', '#생일기념', '#전시', '#파티', '#성수', '#호텔아티']"
720,2019년 12월 23일,[]
721,2019년 12월 22일,"['#보일러룸', '#boilerroom', '#boiler', '#보일러', '#성수에스팩토리', '#성수역', '#성수sfactory', '#성수s팩토리', '#성수', '#성수동']"
722,2019년 12월 24일,"['#성수', '#건대', '#뚝섬', '#서울숲', '#왕십리', '#강변역', '#강남', '#홍대', '#동대문', '#동서울', '#선릉', '#삼성역', '#주말', '#부천', '#낙성대', '#서울대입구', '#패션', '#영화', '#겨울왕국', '#겨울왕국2', '#크리스마스', '#크리스마스선물', '#크리스마스이브']"
723,2019년 12월 21일,"['#빨갱이', '#트윈즈']"
724,2019년 12월 23일,"['#성수', '#성수데이트', '#성수맛집', '#서울숲맛집', '#호호식당', '#성수카페', '#할아버지공장', '#카페', '#카페스타그램', '#감성카페', '#먹스타그램', '#맛스타그램', '#맛집', '#행복', '#사랑해', '#cafe', '#food', '#coffee', '#20191223']"
725,2019년 12월 23일,"['#한국여행', '#서울여행', '#한국카페', '#서울카페', '#카페', '#카페투어', '#cafe', '#haruandoneday', '#하루앤원데이', '#성수', '#성수카페', '#성수동카페', '#superjunior', '#슈퍼주니어']"
726,2019년 12월 23일,"['#830일', '#촉촉이하루']"
727,2019년 12월 23일,"['#크리스마스', '#크리스마스이브', '#daily', '#데일리', '#데일리그램', '#일상', '#성수', '#성수동카페', '#성수카페', '#성수연방']"
728,2019년 12월 23일,"['#데일리', '#일상', '#셀피', '#성수', '#성수맛집', '#서울맛집', '#성수명당']"
729,2019년 12월 22일,"['#성수', '#성수맛집', '#바베양장성수', '#바베양장', '#고기쵝오', '#맛스타그램', '#성수맛집', '#고기자알', '#맛집', '#모든고기숯불바베큐', '#성수맛스타그램', '#맛스타그램', '#일요일', '#주말']"
730,2019년 12월 23일,"['#아시안게임금메달', '#기초군사훈련']"
731,2019년 12월 23일,[]
732,2019년 12월 22일,"['#jodae', '#art', '#그래피티', '#graffiti', '#urbanart', '#성수', '#성수그래피티', '#조대', '#powwowkorea', '#파우와우코리아', '#iseoulu', '#seoulsnap', '#koreabyme', '#seoulmania', '#visitseoul', '#seoul', '#iamatraveler', '#koreatravel', '#southkorea', '#서울', '#seoul', '#travel', '#wearetravelers', '#sheisnotlost', '#좋아요', '#ig', '#seemycity', '#seoulsnap']"
733,2019년 12월 22일,"['#외출', '#아기', '#아기바보', '#8세', '#초딩룩', '#돌잔치', '#성수', '#7세', '#모임', '#가족모임', '#딸바보', '#등교룩', '#등원룩', '#세젤예', '#sel', '#selfie', '#insta', '#instagram', '#baby', '#babyphoto', '#baby', '#daily', '#instadaily', '#아기', '#아기스타그램', '#ootd', '#instagood', '#아기코디', '#아기ootd']"
734,2019년 12월 23일,"['#성수동카페', '#성수', '#카페', '#일상', '#사진', '#채광좋은카페']"
735,2019년 12월 22일,[]
736,2019년 12월 24일,"['#은행', '#블록체인', '#소통', '#좋아요', '#좋아요반사', '#좋반', '#취준생', '#은준생', '#취업준비', '#취뽀', '#하나은행', '#신한은행', '#nh농협은행', '#농협은행', '#국민은행', '#맞팔', '#선팔', '#기업은행', '#우리은행', '#시사상식', '#금융상식', '#follow', '#l4l', '#ootd', '#강남', '#합정', '#성수', '#판교', '#제주', '#카드뉴스']"
737,2019년 12월 24일,"['#성수', '#건대', '#뚝섬', '#서울숲', '#왕십리', '#강변역', '#강남', '#홍대', '#동대문', '#동서울', '#선릉', '#삼성역', '#주말', '#부천', '#낙성대', '#서울대입구', '#패션', '#영화', '#겨울왕국', '#겨울왕국2', '#크리스마스', '#크리스마스선물', '#크리스마스이브']"
738,2019년 12월 23일,"['#성수타투', '#성수동', '#성수', '#건대타투', '#건대']"
739,2019년 12월 23일,"['#아모레성수', '#성수']"
740,2019년 12월 23일,"['#20191222', '#카페성수', '#성수카페', '#성수동', '#성수', '#서울숲', '#서울카페', '#카페투어']"
741,2019년 12월 23일,['#성수']
742,2019년 12월 24일,"['#커피', '#카페', '#성수', '#블루보틀']"
743,2019년 12월 23일,"['#커피', '#성수', '#대림창고', '#케이크', '#아메리카노', '#coffee', '#americano']"
744,2019년 12월 23일,"['#생축', '#내선물짱이야', '#그치', '#서울숲', '#성수']"
745,2019년 12월 23일,"['#appleiphonexs', '#어린이대공원', '#어린이대공원출사', '#성수', '#성수동', '#성수동카페', '#카페', '#카페출사', '#출사', '#자연', '#식물', '#인물', '#스냅', '#감성', '#디카', '#폰카', '#카메라', '#아이폰', '#풍경', '#갬성', '#가을', '#사진', '#사진그램', '#snap', '#snapshot', '#photography']"
746,2019년 12월 24일,"['#맛집', '#감자탕', '#성수', '#감자국', '#맛스타그램', '#맛집탐방', '#백종원3대천왕', '#좋아요', '#먹방']"
747,2019년 12월 23일,"['#오알', '#or', '#패키지', '#패키지디자인', '#구두스타그램', '#여자구두', '#성수동수제화', '#수제화', '#성수동', '#성수', '#성수카페', '#앵클부츠', '#스판부츠', '#가을구두', '#겨울구두', '#겨울코디', '#편한신발', '#맞춤신발', '#여친선물', '#여자친구선물', '#뱀피부츠', '#뱀피부츠코디', '#크리스마스', '#메리크리스마스']"
748,2019년 12월 23일,"['#잠실무지개원룸텔', '#홍대', '#이태원', '#명동', '#노량진', '#강남', '#삼성동', '#종로', '#합정', '#신촌', '#건대', '#왕십리', '#압구정', '#사당', '#서울대입구', '#구로디지털', '#천호', '#강동', '#논현', '#신림', '#성수', '#혜화', '#마포', '#여의도', '#성남', '#하남', '#석촌', '#군자역맛집']"
749,2019년 12월 23일,[]
750,2019년 12월 23일,"['#빵스타그램', '#성수', '#성수카페', '#어니언', '#어니언성수', '#onion', '#카페투어', '#카페스타그램', '#카페', '#cafe', '#cafestagram', '#일상', '#사진', '#사진스타그램', '#일상그램', '#일상사진', '#사진정리', '#기록', '#사진정리', '#데일리', '#daily']"
751,2019년 12월 22일,"['#성수', '#와플', '#와인바', '#winebar', '#waffles', '#with', '#coffee']"
752,2019년 12월 22일,"['#성수', '#sfactory', '#museumofcolors', '#pantone', '#bye2019']"
753,2019년 12월 24일,[]
754,2019년 12월 22일,"['#weekendmood', '#babyitscoldoutside', '#주말스타그램', '#이불밖은위험해', '#서울', '#성수', '#어니언', '#주말', '#겨울코디', '#ootd', '#winterlook', '#seoul', '#korea', '#onion', '#weekend']"
755,2019년 12월 23일,"['#잠실무지개원룸텔', '#홍대', '#이태원', '#명동', '#노량진', '#강남', '#삼성동', '#종로', '#합정', '#신촌', '#건대', '#왕십리', '#압구정', '#사당', '#서울대입구', '#구로디지털', '#천호', '#강동', '#논현', '#신림', '#성수', '#혜화', '#마포', '#여의도', '#성남', '#하남', '#석촌', '#군자역맛집']"
756,2019년 12월 23일,['#성수']
757,2019년 12월 22일,"['#성수', '#소문난성수감자탕', '#백종원3대천왕']"
758,2019년 12월 22일,"['#서울', '#성수', '#성수동카페', '#뚝섬', '#뚝섬카페', '#서울숲', '#서울숲카페', '#카페', '#카페스타그램', '#딸기', '#딸기와플', '#그레이트커피', '#바닐라라떼', '#초코커피라떼', '#달마시안커피', '#생크림', '#주말', '#주말나들이', '#주말스타그램', '#주말순삭', '#직장인', '#직장인스타그램', '#일상', '#일상소통', '#일상스타그램', '#소통', '#소통환영']"
759,2019년 12월 23일,['#이시대의마지막남은핫플레이스']
760,2019년 12월 24일,"['#sgj', '#artistjewelry', '#주얼리', '#선물', '#성수', '#소사이어티오브골든제이', '#예물', '#리셋팅']"
761,2019년 12월 22일,"['#below', '#카페빌로우', '#성수', '#성수카페', '#뚝섬카페', '#서울숲']"
762,2019년 12월 23일,"['#농곡', '#풍산', '#백마', '#곡산', '#화정', '#삼송', '#지축', '#구파발', '#연신내', '#독바위', '#녹번', '#반포', '#신논현', '#서울숲', '#약수', '#신금호', '#한양대', '#뚝섬', '#성수', '#답십리', '#마장', '#신탑', '#회기', '#상봉', '#신설동', '#안암', '#수유', '#도봉산', '#의정부', '#을지로입구']"
763,2019년 12월 23일,"['#성수', '#멜로워', '#카페', '#카페스타그램', '#타르트', '#맛집', '#인정']"
764,2019년 12월 23일,"['#일상', '#주말', '#친목', '#친스타그램', '#셀카', '#selfie', '#daily', '#데이트', '#성수', '#곡성', '#보이어', '#뷰티크리에이터', '#뷰티모델']"
765,2019년 12월 23일,[]
766,2019년 12월 23일,"['#코딩', '#코딩수업', '#성수동', '#성수역', '#성동구', '#뚝섬', '#서울숲', '#성수', '#프로그래밍', '#코딩교육', '#미디어아트', '#프로세싱', '#processing', '#mediaart', '#creativecoding', '#레슨', '#과외', '#코딩과외', '#디자이너', '#인터렉티브아트', '#소수정예', '#인테리어', '#공간디자인', '#사무실', '#작업실', '#workspace', '#wework']"
767,2019년 12월 22일,"['#내추럴와인', '#성수', '#와인', '#겨울', '#일상', '#데일리그램', '#주말']"
768,2019년 12월 22일,[]
769,2019년 12월 23일,"['#포제', '#카페포제', '#cafepoze', '#poze', '#한국', '#한국카페', '#서울', '#서울카페', '#성수', '#성수카페', '#카페', '#카페스타그램']"
770,2019년 12월 23일,"['#일상', '#셀스타그램', '#셀카', '#얼스타그램', '#좋아요', '#카페', '#카멜커피', '#성수', '#소통', '#맞팔', '#친스타그램', '#팔로우', '#selfie', '#daily', '#ootd', '#fff', '#f4f', '#instagood', '#selca']"
771,2019년 12월 23일,[]
772,2019년 12월 23일,[]
773,2019년 12월 24일,['#아모레성수']
774,2019년 12월 23일,"['#성수', '#카페', '#헬린이', '#헬린이그램', '#운동하는여자', '#운동', '#운동그램', '#엉덩이', '#생겨라얍']"
775,2019년 12월 23일,"['#비커즈', '#킹덤즈', '#오루트', '#Because', '#Becz', '#Kingdoms', '#Oroute', '#성수', '#박성수', '#Alek', '#seongsu']"
776,2019년 12월 24일,"['#성수', '#서울숲', '#문스페이스스타', '#달공별', '#moonspacestar', '#뱅쇼', '#서울숲카페', '#전시공간대관']"
